symbol,offset_bin_start_ms,offset_bin_end_ms,trades,share_of_all_trades
SUPRAUSDT,-500,-490,12,0.0001381676665
SUPRAUSDT,-490,-480,7,8.059780544e-05
SUPRAUSDT,-480,-470,1,1.151397221e-05
SUPRAUSDT,-470,-460,5,5.756986103e-05
SUPRAUSDT,-460,-450,3,3.454191662e-05
SUPRAUSDT,-450,-440,0,0
SUPRAUSDT,-440,-430,0,0
SUPRAUSDT,-430,-420,1,1.151397221e-05
SUPRAUSDT,-420,-410,2,2.302794441e-05
SUPRAUSDT,-410,-400,8,9.211177764e-05
SUPRAUSDT,-400,-390,1,1.151397221e-05
SUPRAUSDT,-390,-380,1,1.151397221e-05
SUPRAUSDT,-380,-370,3,3.454191662e-05
SUPRAUSDT,-370,-360,1,1.151397221e-05
SUPRAUSDT,-360,-350,2,2.302794441e-05
SUPRAUSDT,-350,-340,1,1.151397221e-05
SUPRAUSDT,-340,-330,0,0
SUPRAUSDT,-330,-320,0,0
SUPRAUSDT,-320,-310,12,0.0001381676665
SUPRAUSDT,-310,-300,0,0
SUPRAUSDT,-300,-290,0,0
SUPRAUSDT,-290,-280,3,3.454191662e-05
SUPRAUSDT,-280,-270,0,0
SUPRAUSDT,-270,-260,993,0.0114333744
SUPRAUSDT,-260,-250,7339,0.08450104201
SUPRAUSDT,-250,-240,150,0.001727095831
SUPRAUSDT,-240,-230,46,0.0005296427214
SUPRAUSDT,-230,-220,29,0.000333905194
SUPRAUSDT,-220,-210,114,0.001312592831
SUPRAUSDT,-210,-200,59,0.0006793243601
SUPRAUSDT,-200,-190,15,0.0001727095831
SUPRAUSDT,-190,-180,2,2.302794441e-05
SUPRAUSDT,-180,-170,13,0.0001496816387
SUPRAUSDT,-170,-160,11,0.0001266536943
SUPRAUSDT,-160,-150,10,0.0001151397221
SUPRAUSDT,-150,-140,8,9.211177764e-05
SUPRAUSDT,-140,-130,3,3.454191662e-05
SUPRAUSDT,-130,-120,6,6.908383323e-05
SUPRAUSDT,-120,-110,16,0.0001842235553
SUPRAUSDT,-110,-100,5,5.756986103e-05
SUPRAUSDT,-100,-90,3,3.454191662e-05
SUPRAUSDT,-90,-80,2,2.302794441e-05
SUPRAUSDT,-80,-70,8,9.211177764e-05
SUPRAUSDT,-70,-60,10,0.0001151397221
SUPRAUSDT,-60,-50,8,9.211177764e-05
SUPRAUSDT,-50,-40,0,0
SUPRAUSDT,-40,-30,2,2.302794441e-05
SUPRAUSDT,-30,-20,16,0.0001842235553
SUPRAUSDT,-20,-10,10,0.0001151397221
SUPRAUSDT,-10,0,1,1.151397221e-05
SUPRAUSDT,0,10,3,3.454191662e-05
SUPRAUSDT,10,20,2,2.302794441e-05
SUPRAUSDT,20,30,1,1.151397221e-05
SUPRAUSDT,30,40,2489,0.02865827682
SUPRAUSDT,40,50,6107,0.07031582826
SUPRAUSDT,50,60,132,0.001519844331
SUPRAUSDT,60,70,67,0.0007714361378
SUPRAUSDT,70,80,45,0.0005181287492
SUPRAUSDT,80,90,76,0.0008750618876
SUPRAUSDT,90,100,63,0.0007253802489
SUPRAUSDT,100,110,9,0.0001036257498
SUPRAUSDT,110,120,13,0.0001496816387
SUPRAUSDT,120,130,10,0.0001151397221
SUPRAUSDT,130,140,14,0.0001611956109
SUPRAUSDT,140,150,7,8.059780544e-05
SUPRAUSDT,150,160,4,4.605588882e-05
SUPRAUSDT,160,170,8,9.211177764e-05
SUPRAUSDT,170,180,16,0.0001842235553
SUPRAUSDT,180,190,6,6.908383323e-05
SUPRAUSDT,190,200,7,8.059780544e-05
SUPRAUSDT,200,210,5,5.756986103e-05
SUPRAUSDT,210,220,3,3.454191662e-05
SUPRAUSDT,220,230,3,3.454191662e-05
SUPRAUSDT,230,240,0,0
SUPRAUSDT,240,250,4,4.605588882e-05
SUPRAUSDT,250,260,19,0.0002187654719
SUPRAUSDT,260,270,7,8.059780544e-05
SUPRAUSDT,270,280,1,1.151397221e-05
SUPRAUSDT,280,290,4,4.605588882e-05
SUPRAUSDT,290,300,11,0.0001266536943
SUPRAUSDT,300,310,5,5.756986103e-05
SUPRAUSDT,310,320,0,0
SUPRAUSDT,320,330,6,6.908383323e-05
SUPRAUSDT,330,340,5,5.756986103e-05
SUPRAUSDT,340,350,23,0.0002648213607
SUPRAUSDT,350,360,10,0.0001151397221
SUPRAUSDT,360,370,12,0.0001381676665
SUPRAUSDT,370,380,2,2.302794441e-05
SUPRAUSDT,380,390,4,4.605588882e-05
SUPRAUSDT,390,400,15,0.0001727095831
SUPRAUSDT,400,410,17,0.0001957375275
SUPRAUSDT,410,420,10,0.0001151397221
SUPRAUSDT,420,430,15,0.0001727095831
SUPRAUSDT,430,440,20,0.0002302794441
SUPRAUSDT,440,450,16,0.0001842235553
SUPRAUSDT,450,460,11,0.0001266536943
SUPRAUSDT,460,470,11,0.0001266536943
SUPRAUSDT,470,480,24,0.0002763353329
SUPRAUSDT,480,490,20,0.0002302794441
SUPRAUSDT,490,500,12,0.0001381676665
SUPRAUSDT,500,510,29,0.000333905194
SUPRAUSDT,510,520,11,0.0001266536943
SUPRAUSDT,520,530,11,0.0001266536943
SUPRAUSDT,530,540,8,9.211177764e-05
SUPRAUSDT,540,550,10,0.0001151397221
SUPRAUSDT,550,560,21,0.0002417934163
SUPRAUSDT,560,570,11,0.0001266536943
SUPRAUSDT,570,580,5,5.756986103e-05
SUPRAUSDT,580,590,8,9.211177764e-05
SUPRAUSDT,590,600,15,0.0001727095831
SUPRAUSDT,600,610,15,0.0001727095831
SUPRAUSDT,610,620,20,0.0002302794441
SUPRAUSDT,620,630,13,0.0001496816387
SUPRAUSDT,630,640,11,0.0001266536943
SUPRAUSDT,640,650,9,0.0001036257498
SUPRAUSDT,650,660,12,0.0001381676665
SUPRAUSDT,660,670,11,0.0001266536943
SUPRAUSDT,670,680,12,0.0001381676665
SUPRAUSDT,680,690,11,0.0001266536943
SUPRAUSDT,690,700,31,0.0003569331384
SUPRAUSDT,700,710,0,0
SUPRAUSDT,710,720,0,0
SUPRAUSDT,720,730,1,1.151397221e-05
SUPRAUSDT,730,740,5,5.756986103e-05
SUPRAUSDT,740,750,0,0
SUPRAUSDT,750,760,0,0
SUPRAUSDT,760,770,1,1.151397221e-05
SUPRAUSDT,770,780,1,1.151397221e-05
SUPRAUSDT,780,790,1,1.151397221e-05
SUPRAUSDT,790,800,0,0
CITYUSDT,-500,-490,0,0
CITYUSDT,-490,-480,1,1.258193988e-05
CITYUSDT,-480,-470,0,0
CITYUSDT,-470,-460,0,0
CITYUSDT,-460,-450,2,2.516387977e-05
CITYUSDT,-450,-440,1,1.258193988e-05
CITYUSDT,-440,-430,17,0.000213892978
CITYUSDT,-430,-420,0,0
CITYUSDT,-420,-410,1,1.258193988e-05
CITYUSDT,-410,-400,0,0
CITYUSDT,-400,-390,0,0
CITYUSDT,-390,-380,0,0
CITYUSDT,-380,-370,0,0
CITYUSDT,-370,-360,0,0
CITYUSDT,-360,-350,1,1.258193988e-05
CITYUSDT,-350,-340,4,5.032775953e-05
CITYUSDT,-340,-330,11,0.0001384013387
CITYUSDT,-330,-320,0,0
CITYUSDT,-320,-310,2,2.516387977e-05
CITYUSDT,-310,-300,0,0
CITYUSDT,-300,-290,1,1.258193988e-05
CITYUSDT,-290,-280,0,0
CITYUSDT,-280,-270,0,0
CITYUSDT,-270,-260,1,1.258193988e-05
CITYUSDT,-260,-250,2,2.516387977e-05
CITYUSDT,-250,-240,1,1.258193988e-05
CITYUSDT,-240,-230,7,8.807357918e-05
CITYUSDT,-230,-220,2,2.516387977e-05
CITYUSDT,-220,-210,1,1.258193988e-05
CITYUSDT,-210,-200,1,1.258193988e-05
CITYUSDT,-200,-190,0,0
CITYUSDT,-190,-180,0,0
CITYUSDT,-180,-170,7,8.807357918e-05
CITYUSDT,-170,-160,2,2.516387977e-05
CITYUSDT,-160,-150,6,7.54916393e-05
CITYUSDT,-150,-140,0,0
CITYUSDT,-140,-130,0,0
CITYUSDT,-130,-120,3,3.774581965e-05
CITYUSDT,-120,-110,4,5.032775953e-05
CITYUSDT,-110,-100,0,0
CITYUSDT,-100,-90,0,0
CITYUSDT,-90,-80,0,0
CITYUSDT,-80,-70,0,0
CITYUSDT,-70,-60,1,1.258193988e-05
CITYUSDT,-60,-50,4,5.032775953e-05
CITYUSDT,-50,-40,0,0
CITYUSDT,-40,-30,1,1.258193988e-05
CITYUSDT,-30,-20,7,8.807357918e-05
CITYUSDT,-20,-10,8,0.0001006555191
CITYUSDT,-10,0,1,1.258193988e-05
CITYUSDT,0,10,2,2.516387977e-05
CITYUSDT,10,20,0,0
CITYUSDT,20,30,0,0
CITYUSDT,30,40,0,0
CITYUSDT,40,50,1,1.258193988e-05
CITYUSDT,50,60,3,3.774581965e-05
CITYUSDT,60,70,4,5.032775953e-05
CITYUSDT,70,80,6,7.54916393e-05
CITYUSDT,80,90,9,0.000113237459
CITYUSDT,90,100,1,1.258193988e-05
CITYUSDT,100,110,0,0
CITYUSDT,110,120,8,0.0001006555191
CITYUSDT,120,130,0,0
CITYUSDT,130,140,0,0
CITYUSDT,140,150,7,8.807357918e-05
CITYUSDT,150,160,0,0
CITYUSDT,160,170,0,0
CITYUSDT,170,180,0,0
CITYUSDT,180,190,1,1.258193988e-05
CITYUSDT,190,200,1,1.258193988e-05
CITYUSDT,200,210,0,0
CITYUSDT,210,220,2,2.516387977e-05
CITYUSDT,220,230,1,1.258193988e-05
CITYUSDT,230,240,11,0.0001384013387
CITYUSDT,240,250,1,1.258193988e-05
CITYUSDT,250,260,4,5.032775953e-05
CITYUSDT,260,270,1,1.258193988e-05
CITYUSDT,270,280,5,6.290969942e-05
CITYUSDT,280,290,0,0
CITYUSDT,290,300,0,0
CITYUSDT,300,310,0,0
CITYUSDT,310,320,0,0
CITYUSDT,320,330,30,0.0003774581965
CITYUSDT,330,340,4,5.032775953e-05
CITYUSDT,340,350,11,0.0001384013387
CITYUSDT,350,360,10,0.0001258193988
CITYUSDT,360,370,3,3.774581965e-05
CITYUSDT,370,380,2,2.516387977e-05
CITYUSDT,380,390,0,0
CITYUSDT,390,400,2,2.516387977e-05
CITYUSDT,400,410,3,3.774581965e-05
CITYUSDT,410,420,1,1.258193988e-05
CITYUSDT,420,430,4,5.032775953e-05
CITYUSDT,430,440,12,0.0001509832786
CITYUSDT,440,450,2,2.516387977e-05
CITYUSDT,450,460,4,5.032775953e-05
CITYUSDT,460,470,2,2.516387977e-05
CITYUSDT,470,480,2,2.516387977e-05
CITYUSDT,480,490,3,3.774581965e-05
CITYUSDT,490,500,0,0
CITYUSDT,500,510,0,0
CITYUSDT,510,520,0,0
CITYUSDT,520,530,2,2.516387977e-05
CITYUSDT,530,540,11,0.0001384013387
CITYUSDT,540,550,6,7.54916393e-05
CITYUSDT,550,560,0,0
CITYUSDT,560,570,0,0
CITYUSDT,570,580,1,1.258193988e-05
CITYUSDT,580,590,2,2.516387977e-05
CITYUSDT,590,600,0,0
CITYUSDT,600,610,8,0.0001006555191
CITYUSDT,610,620,8,0.0001006555191
CITYUSDT,620,630,1,1.258193988e-05
CITYUSDT,630,640,0,0
CITYUSDT,640,650,0,0
CITYUSDT,650,660,0,0
CITYUSDT,660,670,1,1.258193988e-05
CITYUSDT,670,680,0,0
CITYUSDT,680,690,2,2.516387977e-05
CITYUSDT,690,700,3,3.774581965e-05
CITYUSDT,700,710,0,0
CITYUSDT,710,720,0,0
CITYUSDT,720,730,2,2.516387977e-05
CITYUSDT,730,740,5,6.290969942e-05
CITYUSDT,740,750,1,1.258193988e-05
CITYUSDT,750,760,6,7.54916393e-05
CITYUSDT,760,770,24,0.0003019665572
CITYUSDT,770,780,2,2.516387977e-05
CITYUSDT,780,790,1,1.258193988e-05
CITYUSDT,790,800,1,1.258193988e-05
PYBOBOUSDT,-500,-490,2,2.996613826e-05
PYBOBOUSDT,-490,-480,1,1.498306913e-05
PYBOBOUSDT,-480,-470,1,1.498306913e-05
PYBOBOUSDT,-470,-460,6,8.989841479e-05
PYBOBOUSDT,-460,-450,1,1.498306913e-05
PYBOBOUSDT,-450,-440,2,2.996613826e-05
PYBOBOUSDT,-440,-430,2,2.996613826e-05
PYBOBOUSDT,-430,-420,1,1.498306913e-05
PYBOBOUSDT,-420,-410,1,1.498306913e-05
PYBOBOUSDT,-410,-400,4,5.993227653e-05
PYBOBOUSDT,-400,-390,2,2.996613826e-05
PYBOBOUSDT,-390,-380,2,2.996613826e-05
PYBOBOUSDT,-380,-370,1,1.498306913e-05
PYBOBOUSDT,-370,-360,2,2.996613826e-05
PYBOBOUSDT,-360,-350,3,4.49492074e-05
PYBOBOUSDT,-350,-340,1,1.498306913e-05
PYBOBOUSDT,-340,-330,1,1.498306913e-05
PYBOBOUSDT,-330,-320,5,7.491534566e-05
PYBOBOUSDT,-320,-310,2,2.996613826e-05
PYBOBOUSDT,-310,-300,4,5.993227653e-05
PYBOBOUSDT,-300,-290,0,0
PYBOBOUSDT,-290,-280,2,2.996613826e-05
PYBOBOUSDT,-280,-270,1,1.498306913e-05
PYBOBOUSDT,-270,-260,1,1.498306913e-05
PYBOBOUSDT,-260,-250,3,4.49492074e-05
PYBOBOUSDT,-250,-240,4,5.993227653e-05
PYBOBOUSDT,-240,-230,1,1.498306913e-05
PYBOBOUSDT,-230,-220,2,2.996613826e-05
PYBOBOUSDT,-220,-210,5,7.491534566e-05
PYBOBOUSDT,-210,-200,0,0
PYBOBOUSDT,-200,-190,4,5.993227653e-05
PYBOBOUSDT,-190,-180,1,1.498306913e-05
PYBOBOUSDT,-180,-170,1,1.498306913e-05
PYBOBOUSDT,-170,-160,3,4.49492074e-05
PYBOBOUSDT,-160,-150,3,4.49492074e-05
PYBOBOUSDT,-150,-140,3,4.49492074e-05
PYBOBOUSDT,-140,-130,1,1.498306913e-05
PYBOBOUSDT,-130,-120,1,1.498306913e-05
PYBOBOUSDT,-120,-110,2,2.996613826e-05
PYBOBOUSDT,-110,-100,3,4.49492074e-05
PYBOBOUSDT,-100,-90,1,1.498306913e-05
PYBOBOUSDT,-90,-80,5,7.491534566e-05
PYBOBOUSDT,-80,-70,1,1.498306913e-05
PYBOBOUSDT,-70,-60,1,1.498306913e-05
PYBOBOUSDT,-60,-50,1,1.498306913e-05
PYBOBOUSDT,-50,-40,2,2.996613826e-05
PYBOBOUSDT,-40,-30,6,8.989841479e-05
PYBOBOUSDT,-30,-20,2,2.996613826e-05
PYBOBOUSDT,-20,-10,0,0
PYBOBOUSDT,-10,0,1,1.498306913e-05
PYBOBOUSDT,0,10,0,0
PYBOBOUSDT,10,20,2,2.996613826e-05
PYBOBOUSDT,20,30,0,0
PYBOBOUSDT,30,40,1,1.498306913e-05
PYBOBOUSDT,40,50,2,2.996613826e-05
PYBOBOUSDT,50,60,4,5.993227653e-05
PYBOBOUSDT,60,70,1,1.498306913e-05
PYBOBOUSDT,70,80,2,2.996613826e-05
PYBOBOUSDT,80,90,3,4.49492074e-05
PYBOBOUSDT,90,100,2,2.996613826e-05
PYBOBOUSDT,100,110,0,0
PYBOBOUSDT,110,120,3,4.49492074e-05
PYBOBOUSDT,120,130,2,2.996613826e-05
PYBOBOUSDT,130,140,4,5.993227653e-05
PYBOBOUSDT,140,150,4,5.993227653e-05
PYBOBOUSDT,150,160,2,2.996613826e-05
PYBOBOUSDT,160,170,3,4.49492074e-05
PYBOBOUSDT,170,180,2,2.996613826e-05
PYBOBOUSDT,180,190,0,0
PYBOBOUSDT,190,200,2,2.996613826e-05
PYBOBOUSDT,200,210,4,5.993227653e-05
PYBOBOUSDT,210,220,4,5.993227653e-05
PYBOBOUSDT,220,230,0,0
PYBOBOUSDT,230,240,15,0.000224746037
PYBOBOUSDT,240,250,8,0.0001198645531
PYBOBOUSDT,250,260,3,4.49492074e-05
PYBOBOUSDT,260,270,2,2.996613826e-05
PYBOBOUSDT,270,280,2,2.996613826e-05
PYBOBOUSDT,280,290,2,2.996613826e-05
PYBOBOUSDT,290,300,2,2.996613826e-05
PYBOBOUSDT,300,310,4,5.993227653e-05
PYBOBOUSDT,310,320,2,2.996613826e-05
PYBOBOUSDT,320,330,6,8.989841479e-05
PYBOBOUSDT,330,340,5,7.491534566e-05
PYBOBOUSDT,340,350,3,4.49492074e-05
PYBOBOUSDT,350,360,0,0
PYBOBOUSDT,360,370,5,7.491534566e-05
PYBOBOUSDT,370,380,3,4.49492074e-05
PYBOBOUSDT,380,390,1,1.498306913e-05
PYBOBOUSDT,390,400,3,4.49492074e-05
PYBOBOUSDT,400,410,3,4.49492074e-05
PYBOBOUSDT,410,420,1,1.498306913e-05
PYBOBOUSDT,420,430,1,1.498306913e-05
PYBOBOUSDT,430,440,1,1.498306913e-05
PYBOBOUSDT,440,450,1,1.498306913e-05
PYBOBOUSDT,450,460,0,0
PYBOBOUSDT,460,470,1,1.498306913e-05
PYBOBOUSDT,470,480,2,2.996613826e-05
PYBOBOUSDT,480,490,1,1.498306913e-05
PYBOBOUSDT,490,500,0,0
PYBOBOUSDT,500,510,7,0.0001048814839
PYBOBOUSDT,510,520,0,0
PYBOBOUSDT,520,530,0,0
PYBOBOUSDT,530,540,1,1.498306913e-05
PYBOBOUSDT,540,550,3,4.49492074e-05
PYBOBOUSDT,550,560,3,4.49492074e-05
PYBOBOUSDT,560,570,5,7.491534566e-05
PYBOBOUSDT,570,580,4,5.993227653e-05
PYBOBOUSDT,580,590,4,5.993227653e-05
PYBOBOUSDT,590,600,2,2.996613826e-05
PYBOBOUSDT,600,610,3,4.49492074e-05
PYBOBOUSDT,610,620,3,4.49492074e-05
PYBOBOUSDT,620,630,2,2.996613826e-05
PYBOBOUSDT,630,640,1,1.498306913e-05
PYBOBOUSDT,640,650,5,7.491534566e-05
PYBOBOUSDT,650,660,6,8.989841479e-05
PYBOBOUSDT,660,670,5,7.491534566e-05
PYBOBOUSDT,670,680,2,2.996613826e-05
PYBOBOUSDT,680,690,0,0
PYBOBOUSDT,690,700,3,4.49492074e-05
PYBOBOUSDT,700,710,1,1.498306913e-05
PYBOBOUSDT,710,720,3,4.49492074e-05
PYBOBOUSDT,720,730,2,2.996613826e-05
PYBOBOUSDT,730,740,2,2.996613826e-05
PYBOBOUSDT,740,750,2,2.996613826e-05
PYBOBOUSDT,750,760,3,4.49492074e-05
PYBOBOUSDT,760,770,3,4.49492074e-05
PYBOBOUSDT,770,780,2,2.996613826e-05
PYBOBOUSDT,780,790,5,7.491534566e-05
PYBOBOUSDT,790,800,2,2.996613826e-05
