symbol,date,trades,notional,seconds_59_00_trades,seconds_59_00_share,core_trades,core_trade_share,core_notional,core_notional_share,possible_five_minute_boundaries,core_populated_boundaries,core_both_legs_boundaries,opposite_taker_side_boundaries,balanced_50_boundaries,balanced_70_boundaries,balanced_80_boundaries,balanced_90_boundaries,balanced_95_boundaries,balanced_99_boundaries
SUPRAUSDT,2026-06-15,4572,61618.93197,805,0.176071741,593,0.1297025372,3532.258011,0.05732423295,287,286,260,96,93,92,86,56,29,8
SUPRAUSDT,2026-06-16,2547,34006.16922,666,0.2614840989,576,0.2261484099,3342.524863,0.09829171997,288,267,245,97,92,92,92,58,37,8
SUPRAUSDT,2026-06-17,2893,34137.13212,775,0.2678880055,639,0.2208779813,3830.950469,0.1122223875,288,288,275,115,114,112,108,72,41,10
SUPRAUSDT,2026-06-18,2414,33831.71074,463,0.1917978459,389,0.1611433306,2306.77315,0.06818375718,288,184,160,78,77,76,73,59,27,6
SUPRAUSDT,2026-06-19,3794,48071.91932,721,0.1900369004,561,0.1478650501,3307.42969,0.0688016983,288,261,229,95,93,93,90,63,41,8
SUPRAUSDT,2026-06-20,3482,44426.57725,754,0.2165422171,617,0.1771970132,3611.637524,0.08129452566,288,286,268,106,105,104,102,68,37,6
SUPRAUSDT,2026-06-21,3368,44874.38702,776,0.2304038005,616,0.1828978622,3617.160177,0.08060634178,288,288,272,103,102,101,100,64,37,5
SUPRAUSDT,2026-06-22,5090,72094.51896,788,0.1548133595,613,0.12043222,3624.711257,0.05027720982,288,288,271,126,123,121,118,76,41,8
SUPRAUSDT,2026-06-23,2986,39287.93928,743,0.2488278634,634,0.2123241795,3855.12974,0.09812501777,288,287,277,119,113,112,108,66,33,7
SUPRAUSDT,2026-06-24,2914,48416.20732,832,0.2855181881,603,0.2069320522,3605.090919,0.07446041561,288,288,267,132,130,129,129,87,41,9
SUPRAUSDT,2026-06-25,2478,27603.60692,605,0.2441485069,536,0.2163034705,3247.82931,0.1176595986,288,257,233,119,116,116,113,82,48,11
SUPRAUSDT,2026-06-26,2625,37010.65811,717,0.2731428571,606,0.2308571429,3650.800662,0.09864187368,288,279,254,108,102,101,98,68,31,2
SUPRAUSDT,2026-06-27,2407,36930.58361,372,0.1545492314,308,0.1279601163,2004.082935,0.05426621351,288,154,127,57,54,53,50,35,20,5
SUPRAUSDT,2026-06-28,2302,30159.81117,685,0.2975673328,626,0.2719374457,3676.074955,0.1218865375,288,285,263,103,100,98,96,67,31,8
SUPRAUSDT,2026-06-29,2357,34184.64077,700,0.2969876962,616,0.2613491727,3705.143639,0.1083862096,288,287,282,116,115,112,105,68,41,11
SUPRAUSDT,2026-06-30,1952,27280.32419,678,0.3473360656,654,0.3350409836,3670.468915,0.1345463818,288,288,286,115,114,114,113,76,42,5
SUPRAUSDT,2026-07-01,3043,31342.26937,663,0.217877095,620,0.203746303,3607.534033,0.1151012388,288,285,283,122,119,119,117,74,49,9
SUPRAUSDT,2026-07-02,1745,23221.54497,664,0.3805157593,616,0.353008596,3639.440538,0.1567268906,288,288,285,128,127,127,125,80,39,10
SUPRAUSDT,2026-07-03,4234,61450.7838,733,0.1731223429,612,0.1445441663,3620.076052,0.05891016889,288,288,282,108,108,108,105,70,35,8
SUPRAUSDT,2026-07-04,2275,33195.805,639,0.2808791209,609,0.2676923077,3627.922632,0.1092885873,288,287,285,121,121,121,116,76,45,8
SUPRAUSDT,2026-07-05,1995,24319.56521,650,0.3258145363,616,0.3087719298,3675.707791,0.1511420027,288,287,287,116,113,113,110,69,39,7
SUPRAUSDT,2026-07-06,2911,33275.0028,719,0.2469941601,606,0.2081758846,3613.790824,0.1086037722,288,285,284,126,125,125,122,83,55,11
SUPRAUSDT,2026-07-07,3546,49418.15542,728,0.2053017484,627,0.1768189509,3710.245346,0.07507858831,288,288,287,113,111,111,107,72,37,12
SUPRAUSDT,2026-07-08,1921,26097.8547,711,0.3701197293,624,0.3248308173,3677.888833,0.1409268645,288,288,285,123,123,123,118,72,39,7
SUPRAUSDT,2026-07-09,4032,56108.18787,703,0.1743551587,639,0.1584821429,3750.559073,0.06684512931,288,288,287,117,115,115,107,76,38,12
SUPRAUSDT,2026-07-10,5720,70683.31949,794,0.1388111888,607,0.1061188811,3628.092454,0.05132883516,288,288,287,135,135,134,132,86,47,7
SUPRAUSDT,2026-07-11,1939,20502.34089,638,0.3290355854,600,0.3094378546,3813.047974,0.185981103,288,287,286,124,123,122,118,76,35,9
SUPRAUSDT,2026-07-12,1342,17387.19669,623,0.4642324888,581,0.4329359165,3671.911878,0.2111848128,288,288,285,168,168,167,162,102,52,13
SUPRAUSDT,2026-07-13,1833,24610.71713,625,0.3409710857,586,0.3196944899,3600.43055,0.1462952311,288,287,275,139,135,135,132,83,39,10
SUPRAUSDT,2026-07-14,2134,23780.46136,641,0.3003748828,588,0.2755388941,3583.777055,0.1507025874,288,285,265,130,128,125,121,72,34,10
CITYUSDT,2026-06-15,1331,18732.70992,51,0.03831705485,3,0.002253944403,37.503659,0.002002041305,287,2,0,0,0,0,0,0,0,0
CITYUSDT,2026-06-16,1319,20601.90338,31,0.02350265353,0,0,0,0,288,0,0,0,0,0,0,0,0,0
CITYUSDT,2026-06-17,1566,22188.61263,28,0.01787994891,0,0,0,0,288,0,0,0,0,0,0,0,0,0
CITYUSDT,2026-06-18,1499,23432.53108,83,0.05537024683,2,0.001334222815,30.458074,0.001299820062,288,1,1,0,0,0,0,0,0,0
CITYUSDT,2026-06-19,1509,21547.46608,61,0.04042412194,0,0,0,0,288,0,0,0,0,0,0,0,0,0
CITYUSDT,2026-06-20,1473,21051.50127,44,0.02987101154,0,0,0,0,288,0,0,0,0,0,0,0,0,0
CITYUSDT,2026-06-21,2166,31469.99595,78,0.03601108033,0,0,0,0,288,0,0,0,0,0,0,0,0,0
CITYUSDT,2026-06-22,998,15719.38053,46,0.04609218437,0,0,0,0,288,0,0,0,0,0,0,0,0,0
CITYUSDT,2026-06-23,1105,17044.33787,7,0.006334841629,0,0,0,0,288,0,0,0,0,0,0,0,0,0
CITYUSDT,2026-06-24,2554,36229.80854,92,0.03602192639,0,0,0,0,288,0,0,0,0,0,0,0,0,0
CITYUSDT,2026-06-25,2076,28489.7454,43,0.02071290944,0,0,0,0,288,0,0,0,0,0,0,0,0,0
CITYUSDT,2026-06-26,13654,196469.6288,403,0.02951516039,5,0.000366193057,68.092832,0.000346581975,288,3,1,0,0,0,0,0,0,0
CITYUSDT,2026-06-27,10959,154303.5304,396,0.03613468382,17,0.001551236427,186.762654,0.001210358917,288,3,0,0,0,0,0,0,0,0
CITYUSDT,2026-06-28,2075,33347.881,59,0.02843373494,0,0,0,0,288,0,0,0,0,0,0,0,0,0
CITYUSDT,2026-06-29,2544,40063.59359,110,0.04323899371,0,0,0,0,288,0,0,0,0,0,0,0,0,0
CITYUSDT,2026-06-30,2207,33458.90499,40,0.01812415043,0,0,0,0,288,0,0,0,0,0,0,0,0,0
CITYUSDT,2026-07-01,2156,32250.07914,59,0.02736549165,9,0.004174397032,139.118072,0.00431372808,288,1,0,0,0,0,0,0,0,0
CITYUSDT,2026-07-02,1356,23028.36295,36,0.02654867257,0,0,0,0,288,0,0,0,0,0,0,0,0,0
CITYUSDT,2026-07-03,1070,20378.00307,67,0.06261682243,0,0,0,0,288,0,0,0,0,0,0,0,0,0
CITYUSDT,2026-07-04,1209,22233.40657,19,0.01571546733,0,0,0,0,288,0,0,0,0,0,0,0,0,0
CITYUSDT,2026-07-05,6985,103025.197,285,0.04080171797,1,0.0001431639227,12.50316,0.0001213602145,288,1,0,0,0,0,0,0,0,0
CITYUSDT,2026-07-06,2995,36717.74105,57,0.01903171953,0,0,0,0,288,0,0,0,0,0,0,0,0,0
CITYUSDT,2026-07-07,3028,38988.9346,82,0.02708058124,0,0,0,0,288,0,0,0,0,0,0,0,0,0
CITYUSDT,2026-07-08,1777,26580.06211,48,0.02701181767,0,0,0,0,288,0,0,0,0,0,0,0,0,0
CITYUSDT,2026-07-09,1282,20152.49499,87,0.06786271451,0,0,0,0,288,0,0,0,0,0,0,0,0,0
CITYUSDT,2026-07-10,2013,29176.54266,66,0.03278688525,3,0.001490312966,21.651944,0.0007421010861,288,2,0,0,0,0,0,0,0,0
CITYUSDT,2026-07-11,1206,22425.40221,49,0.04063018242,0,0,0,0,288,0,0,0,0,0,0,0,0,0
CITYUSDT,2026-07-12,1197,25193.74714,26,0.02172096909,0,0,0,0,288,0,0,0,0,0,0,0,0,0
CITYUSDT,2026-07-13,1645,24392.52752,48,0.02917933131,2,0.001215805471,21.48068,0.0008806254284,288,1,0,0,0,0,0,0,0,0
CITYUSDT,2026-07-14,2525,37051.14618,197,0.07801980198,0,0,0,0,288,0,0,0,0,0,0,0,0,0
PYBOBOUSDT,2026-06-15,2255,19285.26997,83,0.03680709534,1,0.00044345898,6.7157438,0.0003482317754,287,1,0,0,0,0,0,0,0,0
PYBOBOUSDT,2026-06-16,2146,16884.4739,72,0.03355079217,2,0.0009319664492,18.2509511,0.001080930991,288,2,0,0,0,0,0,0,0,0
PYBOBOUSDT,2026-06-17,2087,15681.01575,65,0.03114518448,0,0,0,0,288,0,0,0,0,0,0,0,0,0
PYBOBOUSDT,2026-06-18,2039,14136.93909,66,0.03236880824,0,0,0,0,288,0,0,0,0,0,0,0,0,0
PYBOBOUSDT,2026-06-19,2258,17604.01237,90,0.03985828167,2,0.0008857395926,11.944875,0.0006785313911,288,2,0,0,0,0,0,0,0,0
PYBOBOUSDT,2026-06-20,2115,14776.74883,53,0.02505910165,1,0.0004728132388,5.5093318,0.0003728378863,288,1,0,0,0,0,0,0,0,0
PYBOBOUSDT,2026-06-21,1971,13485.28949,70,0.03551496702,1,0.0005073566717,6.1150305,0.000453459342,288,1,0,0,0,0,0,0,0,0
PYBOBOUSDT,2026-06-22,2439,19162.44261,68,0.0278802788,1,0.0004100041,6.1366296,0.000320242556,288,1,0,0,0,0,0,0,0,0
PYBOBOUSDT,2026-06-23,2613,23210.98947,73,0.02793723689,3,0.001148105626,18.1276653,0.0007809949386,288,3,0,0,0,0,0,0,0,0
PYBOBOUSDT,2026-06-24,2228,16625.89245,96,0.04308797127,1,0.0004488330341,5.4690696,0.0003289489341,288,1,0,0,0,0,0,0,0,0
PYBOBOUSDT,2026-06-25,2304,19803.01383,81,0.03515625,0,0,0,0,288,0,0,0,0,0,0,0,0,0
PYBOBOUSDT,2026-06-26,2315,17193.79252,80,0.03455723542,0,0,0,0,288,0,0,0,0,0,0,0,0,0
PYBOBOUSDT,2026-06-27,2039,13870.47389,66,0.03236880824,0,0,0,0,288,0,0,0,0,0,0,0,0,0
PYBOBOUSDT,2026-06-28,2017,13449.51761,57,0.02825979177,1,0.0004957858205,5.375637,0.0003996899484,288,1,0,0,0,0,0,0,0,0
PYBOBOUSDT,2026-06-29,2386,25083.33403,99,0.04149203688,0,0,0,0,288,0,0,0,0,0,0,0,0,0
PYBOBOUSDT,2026-06-30,2020,14088.6676,82,0.04059405941,3,0.001485148515,21.792464,0.001546808017,288,3,0,0,0,0,0,0,0,0
PYBOBOUSDT,2026-07-01,2168,16500.54644,66,0.03044280443,3,0.001383763838,16.378614,0.0009926103998,288,3,0,0,0,0,0,0,0,0
PYBOBOUSDT,2026-07-02,2279,17901.98843,64,0.02808249232,1,0.0004387889425,5.1249645,0.0002862790645,288,1,0,0,0,0,0,0,0,0
PYBOBOUSDT,2026-07-03,1925,12963.70713,77,0.04,2,0.001038961039,11.138538,0.000859209321,288,2,0,0,0,0,0,0,0,0
PYBOBOUSDT,2026-07-04,2757,44254.66055,92,0.03336960464,2,0.0007254261879,212.5301893,0.004802436323,288,2,0,0,0,0,0,0,0,0
PYBOBOUSDT,2026-07-05,2406,19373.14743,63,0.02618453865,2,0.0008312551953,11.370791,0.0005869356563,288,2,0,0,0,0,0,0,0,0
PYBOBOUSDT,2026-07-06,2135,15524.98393,82,0.03840749415,1,0.0004683840749,5.6080755,0.0003612290696,288,1,0,0,0,0,0,0,0,0
PYBOBOUSDT,2026-07-07,1955,12533.22959,78,0.03989769821,1,0.0005115089514,5.2201584,0.0004165054476,288,1,0,0,0,0,0,0,0,0
PYBOBOUSDT,2026-07-08,2145,16383.1139,62,0.0289044289,1,0.0004662004662,5.33752,0.0003257939871,288,1,0,0,0,0,0,0,0,0
PYBOBOUSDT,2026-07-09,2184,15415.23943,72,0.03296703297,0,0,0,0,288,0,0,0,0,0,0,0,0,0
PYBOBOUSDT,2026-07-10,2170,16335.56153,57,0.02626728111,2,0.0009216589862,10.9061126,0.0006676301013,288,2,0,0,0,0,0,0,0,0
PYBOBOUSDT,2026-07-11,2200,17515.79459,69,0.03136363636,1,0.0004545454545,6.066597,0.0003463500881,288,1,0,0,0,0,0,0,0,0
PYBOBOUSDT,2026-07-12,2804,28433.64288,57,0.02032810271,0,0,0,0,288,0,0,0,0,0,0,0,0,0
PYBOBOUSDT,2026-07-13,2125,16001.66939,65,0.03058823529,4,0.001882352941,31.5670532,0.001972734996,288,3,0,0,0,0,0,0,0,0
PYBOBOUSDT,2026-07-14,2257,19451.48052,85,0.03766061143,0,0,0,0,288,0,0,0,0,0,0,0,0,0
