symbol,date,url,sha256,compressed_bytes,rows,first_id,last_id,ids_unique,timestamps_nondecreasing,timestamp_dates_match_utc
SUPRAUSDT,2026-06-15,https://public.bybit.com/spot/SUPRAUSDT/SUPRAUSDT_2026-06-15.csv.gz,ae391e7239706aa714b89026845b7ebd0604a8275df9291d8c193644b38c0816,42618,4572,1,4572,true,true,true
SUPRAUSDT,2026-06-16,https://public.bybit.com/spot/SUPRAUSDT/SUPRAUSDT_2026-06-16.csv.gz,7da915cf3de5529e27c1996942417ed126c064e8ee79bace4d3f369f18bef232,24462,2547,1,2547,true,true,true
SUPRAUSDT,2026-06-17,https://public.bybit.com/spot/SUPRAUSDT/SUPRAUSDT_2026-06-17.csv.gz,f816a4237c285ae1211b8e398c4ed21af0d064919c14c69427c11b98b1553069,27930,2893,1,2893,true,true,true
SUPRAUSDT,2026-06-18,https://public.bybit.com/spot/SUPRAUSDT/SUPRAUSDT_2026-06-18.csv.gz,4858c8d703056f4714cd6918466ceb6b730e1b66905af28e91e23112e5f5eb76,23065,2414,1,2414,true,true,true
SUPRAUSDT,2026-06-19,https://public.bybit.com/spot/SUPRAUSDT/SUPRAUSDT_2026-06-19.csv.gz,15ca2196337ae5c91da625479825f04e8ad9e0c3daf719441bc7f14c41ae2fed,36329,3794,1,3794,true,true,true
SUPRAUSDT,2026-06-20,https://public.bybit.com/spot/SUPRAUSDT/SUPRAUSDT_2026-06-20.csv.gz,80068b7acf64fca0b36358150d19a258a1e26e7e29df15bac7a58433cda0e3f3,32892,3482,1,3482,true,true,true
SUPRAUSDT,2026-06-21,https://public.bybit.com/spot/SUPRAUSDT/SUPRAUSDT_2026-06-21.csv.gz,6d2b4befbc324d6e7a69fe7a413918a57fe8b1fca6d1eec0f798d099df90766f,31784,3368,1,3368,true,true,true
SUPRAUSDT,2026-06-22,https://public.bybit.com/spot/SUPRAUSDT/SUPRAUSDT_2026-06-22.csv.gz,fa06d20ab73f10d8986f32f9352fedf72451ce7045eff14ce9377b4f21c23dca,47066,5090,1,5090,true,true,true
SUPRAUSDT,2026-06-23,https://public.bybit.com/spot/SUPRAUSDT/SUPRAUSDT_2026-06-23.csv.gz,a64d53c6f314200b12bb899426f2bc5c6ac3b39d2f23b48707adde1a9a4b66fa,28468,2986,1,2986,true,true,true
SUPRAUSDT,2026-06-24,https://public.bybit.com/spot/SUPRAUSDT/SUPRAUSDT_2026-06-24.csv.gz,bfef0ea3fd2b0977edd1afa6b99d0773f4212292c0455692afa06e93fa2ad189,27716,2914,1,2914,true,true,true
SUPRAUSDT,2026-06-25,https://public.bybit.com/spot/SUPRAUSDT/SUPRAUSDT_2026-06-25.csv.gz,685e1f854ed34b06179cf516b0e7b42af887e8579445d4700d55c35cd77bd83d,24291,2478,1,2478,true,true,true
SUPRAUSDT,2026-06-26,https://public.bybit.com/spot/SUPRAUSDT/SUPRAUSDT_2026-06-26.csv.gz,17ac89e39cd2a2aaf2c825ce3ddab95035d46790270dfd3ca2a52d610386fbdd,25352,2625,1,2625,true,true,true
SUPRAUSDT,2026-06-27,https://public.bybit.com/spot/SUPRAUSDT/SUPRAUSDT_2026-06-27.csv.gz,278b97aeb1c32cc30e51528723e6a44d2612eb4eff9bb33942d4e8229f59df37,23373,2407,1,2407,true,true,true
SUPRAUSDT,2026-06-28,https://public.bybit.com/spot/SUPRAUSDT/SUPRAUSDT_2026-06-28.csv.gz,00d7c8136b7a782bf612c72b10afda7e0a1c44184fec02e2ddca14f7f23de03b,21936,2302,1,2302,true,true,true
SUPRAUSDT,2026-06-29,https://public.bybit.com/spot/SUPRAUSDT/SUPRAUSDT_2026-06-29.csv.gz,50de569bab9643e1e124669c13b8a0c164f7358759e3e78800ff01622c693796,22893,2357,1,2357,true,true,true
SUPRAUSDT,2026-06-30,https://public.bybit.com/spot/SUPRAUSDT/SUPRAUSDT_2026-06-30.csv.gz,2bf8e84557a88501aabe0d6082bde44dc80cc27ebbf284f579af95bdedf4aed6,18965,1952,1,1952,true,true,true
SUPRAUSDT,2026-07-01,https://public.bybit.com/spot/SUPRAUSDT/SUPRAUSDT_2026-07-01.csv.gz,f27d5155e57577ba93b4515840fa299099e3aca6900d5c2873876147a184d411,28539,3043,1,3043,true,true,true
SUPRAUSDT,2026-07-02,https://public.bybit.com/spot/SUPRAUSDT/SUPRAUSDT_2026-07-02.csv.gz,a973c956b43339b2c4ac288be4079d36e0aca740dcd5246891f80168a68d5aa5,17023,1745,1,1745,true,true,true
SUPRAUSDT,2026-07-03,https://public.bybit.com/spot/SUPRAUSDT/SUPRAUSDT_2026-07-03.csv.gz,92f11f9b9a3df74abdb0e958bf7dd1b8b0bbdc57085bf04399e07185b612f6dd,39829,4234,1,4234,true,true,true
SUPRAUSDT,2026-07-04,https://public.bybit.com/spot/SUPRAUSDT/SUPRAUSDT_2026-07-04.csv.gz,d32bf738524761135745f98069376f2e5bcf480841d9fb2f782ca3e92310cc6c,22205,2275,1,2275,true,true,true
SUPRAUSDT,2026-07-05,https://public.bybit.com/spot/SUPRAUSDT/SUPRAUSDT_2026-07-05.csv.gz,e3fe466d1d8f593aaa10905073f973287d5373eab63bf1977ed5a2e918abcd4b,19672,1995,1,1995,true,true,true
SUPRAUSDT,2026-07-06,https://public.bybit.com/spot/SUPRAUSDT/SUPRAUSDT_2026-07-06.csv.gz,fa9f502e000938289fb26939abe5920dfb118b501fe2cb0fa043c9ff45da97b9,27715,2911,1,2911,true,true,true
SUPRAUSDT,2026-07-07,https://public.bybit.com/spot/SUPRAUSDT/SUPRAUSDT_2026-07-07.csv.gz,7e0f8a3f92a2b89407fa8b6f3f3ccf53131d3bd454894aee99b02b79576ee699,32202,3546,1,3546,true,true,true
SUPRAUSDT,2026-07-08,https://public.bybit.com/spot/SUPRAUSDT/SUPRAUSDT_2026-07-08.csv.gz,2586c01336a397203ec66dc0d53fe03e25d53b7e31bf76aabdb2483e5becb826,19089,1921,1,1921,true,true,true
SUPRAUSDT,2026-07-09,https://public.bybit.com/spot/SUPRAUSDT/SUPRAUSDT_2026-07-09.csv.gz,0fccac005f54089b85813ac34c93b6fb5b598432f5bd5095221ce7a5c641b4b0,37081,4032,1,4032,true,true,true
SUPRAUSDT,2026-07-10,https://public.bybit.com/spot/SUPRAUSDT/SUPRAUSDT_2026-07-10.csv.gz,6948e7cf730b868bb48b115ded071b59bf124b59fad7bf01b98d271a7b4c8f52,52874,5720,1,5720,true,true,true
SUPRAUSDT,2026-07-11,https://public.bybit.com/spot/SUPRAUSDT/SUPRAUSDT_2026-07-11.csv.gz,72d0f7aa6006d02062db844709b83e6bbce9eeb6f60e75b38e64bd29b4111004,19070,1939,1,1939,true,true,true
SUPRAUSDT,2026-07-12,https://public.bybit.com/spot/SUPRAUSDT/SUPRAUSDT_2026-07-12.csv.gz,ce2ac6582069cc3431bff2b75dc2618ea0fe9451c0dbbd118d504d845f3bfb2c,13794,1342,1,1342,true,true,true
SUPRAUSDT,2026-07-13,https://public.bybit.com/spot/SUPRAUSDT/SUPRAUSDT_2026-07-13.csv.gz,d953e93d58fc2dd4a4d6b453120e055f8a724a46403c6f18025b09aca7527225,17994,1833,1,1833,true,true,true
SUPRAUSDT,2026-07-14,https://public.bybit.com/spot/SUPRAUSDT/SUPRAUSDT_2026-07-14.csv.gz,8c46aac08a32ab6373f8e1cadb00fef609664fef96ecf67a3a74779afab5da58,20910,2134,1,2134,true,true,true
CITYUSDT,2026-06-15,https://public.bybit.com/spot/CITYUSDT/CITYUSDT_2026-06-15.csv.gz,420e39ee72df9481403ab7e5b716e61c5087190a0817900039eb5a42801f7e7d,12084,1331,1,1331,true,true,true
CITYUSDT,2026-06-16,https://public.bybit.com/spot/CITYUSDT/CITYUSDT_2026-06-16.csv.gz,09bd346ccfb2cde87f08aa0675feff6dd90bf9b8f11808bf50a2bba884ab60cb,11240,1319,1,1319,true,true,true
CITYUSDT,2026-06-17,https://public.bybit.com/spot/CITYUSDT/CITYUSDT_2026-06-17.csv.gz,26fd2b1ebca3b7777d946d657caaa269c857b72381ae9537da6e055aec9a4d29,13630,1566,1,1566,true,true,true
CITYUSDT,2026-06-18,https://public.bybit.com/spot/CITYUSDT/CITYUSDT_2026-06-18.csv.gz,2e190986e3ad698a556b75cb428bd4874aa37380785cb13219f999fcb4da1a6d,12750,1499,1,1499,true,true,true
CITYUSDT,2026-06-19,https://public.bybit.com/spot/CITYUSDT/CITYUSDT_2026-06-19.csv.gz,65cf0cbdf43d8e40aec2b887f585faaf555016c5a1bde03bd09c60c25bbc073d,12970,1509,1,1509,true,true,true
CITYUSDT,2026-06-20,https://public.bybit.com/spot/CITYUSDT/CITYUSDT_2026-06-20.csv.gz,98c9a3bf592139ad9021aa56c70fa1bdd9ff241bd6bdeec90d5137d18d94566f,12291,1473,1,1473,true,true,true
CITYUSDT,2026-06-21,https://public.bybit.com/spot/CITYUSDT/CITYUSDT_2026-06-21.csv.gz,188c3af28447a31c4a9aca720d981b93874966bd2b630608ee184f76608ea0ac,18357,2166,1,2166,true,true,true
CITYUSDT,2026-06-22,https://public.bybit.com/spot/CITYUSDT/CITYUSDT_2026-06-22.csv.gz,bc5d0c4f692572d020d5f4af6e784c01938ad29e667f5ef0cec5277ea4673ac0,8582,998,1,998,true,true,true
CITYUSDT,2026-06-23,https://public.bybit.com/spot/CITYUSDT/CITYUSDT_2026-06-23.csv.gz,e06d4395f999f938fb4c8dde3e28166ceec4c0e038b6e7185ca5d5963a00ec79,9415,1105,1,1105,true,true,true
CITYUSDT,2026-06-24,https://public.bybit.com/spot/CITYUSDT/CITYUSDT_2026-06-24.csv.gz,b012d2de19cd660240ccc1b3aaaceebcee8385615f72b5d9fe9b4c18f06fa5dd,20702,2554,1,2554,true,true,true
CITYUSDT,2026-06-25,https://public.bybit.com/spot/CITYUSDT/CITYUSDT_2026-06-25.csv.gz,7323812651828a7fa82868aa6994c970845a5f00d2d055695967cf8712a32793,17499,2076,1,2076,true,true,true
CITYUSDT,2026-06-26,https://public.bybit.com/spot/CITYUSDT/CITYUSDT_2026-06-26.csv.gz,bf6748cd5bfc12202a73da59b7ece9397a0741562bf81226e8906ed216c28a1b,113128,13654,1,13654,true,true,true
CITYUSDT,2026-06-27,https://public.bybit.com/spot/CITYUSDT/CITYUSDT_2026-06-27.csv.gz,e3edc2f536bb5d3b0607279cb7322bc84925bec277e3553831979a0752f130db,91386,10959,1,10959,true,true,true
CITYUSDT,2026-06-28,https://public.bybit.com/spot/CITYUSDT/CITYUSDT_2026-06-28.csv.gz,68b7e7f0ecec5d0f6b27f2d1095df34fac498bcb720cfe29c369e80578312bbb,18139,2075,1,2075,true,true,true
CITYUSDT,2026-06-29,https://public.bybit.com/spot/CITYUSDT/CITYUSDT_2026-06-29.csv.gz,a157da5ff0b10f040b0cdf977ff58dbb41813adc4eba91c209b161198ef8ec62,21379,2544,1,2544,true,true,true
CITYUSDT,2026-06-30,https://public.bybit.com/spot/CITYUSDT/CITYUSDT_2026-06-30.csv.gz,006805af00e85e7944afe6582f99609f23f8997639bc80bc779bf0177e2fa28d,19246,2207,1,2207,true,true,true
CITYUSDT,2026-07-01,https://public.bybit.com/spot/CITYUSDT/CITYUSDT_2026-07-01.csv.gz,1876f5b8e9fd00ee43b5681201a2163c4fe4e368a43dc91a4ff37f852f8740c5,18157,2156,1,2156,true,true,true
CITYUSDT,2026-07-02,https://public.bybit.com/spot/CITYUSDT/CITYUSDT_2026-07-02.csv.gz,7eadea8e5ff1e91965d103a269298143642a4953bcc0f3f0411c4ba195dc763e,11265,1356,1,1356,true,true,true
CITYUSDT,2026-07-03,https://public.bybit.com/spot/CITYUSDT/CITYUSDT_2026-07-03.csv.gz,a5e16dbe70aeb371711a4f825c5919a8cf2f8d031cc1921e413d24c13bc7414d,8614,1070,1,1070,true,true,true
CITYUSDT,2026-07-04,https://public.bybit.com/spot/CITYUSDT/CITYUSDT_2026-07-04.csv.gz,d7cc902785f81f22f8131f55631842d4951dcd2728036d6100f3ec7c5ba070b8,9989,1209,1,1209,true,true,true
CITYUSDT,2026-07-05,https://public.bybit.com/spot/CITYUSDT/CITYUSDT_2026-07-05.csv.gz,a10bec93e1bd48d69f60d7238e5cd83ac4bf8b1ef96d3d2f6a02e6c21ff0e542,57843,6985,1,6985,true,true,true
CITYUSDT,2026-07-06,https://public.bybit.com/spot/CITYUSDT/CITYUSDT_2026-07-06.csv.gz,541a0a95f058dd27c1e49ab105e4e3835b46ecdd60b8ce0b1de0e695ba0b5e85,25456,2995,1,2995,true,true,true
CITYUSDT,2026-07-07,https://public.bybit.com/spot/CITYUSDT/CITYUSDT_2026-07-07.csv.gz,5d69f06be3736da4f0df381789558c5a169197e7aa6faea2ba5b2cbe5e6ef0cf,25694,3028,1,3028,true,true,true
CITYUSDT,2026-07-08,https://public.bybit.com/spot/CITYUSDT/CITYUSDT_2026-07-08.csv.gz,259df16f09e8cfb7afa4155c39ecfb168991c203e158a3dfc71e2dc39dbeab90,14821,1777,1,1777,true,true,true
CITYUSDT,2026-07-09,https://public.bybit.com/spot/CITYUSDT/CITYUSDT_2026-07-09.csv.gz,8a6695e0b77116e77018bef31eaa3a5fa3cd7d3b9044dd0334eeabb6067cee43,10298,1282,1,1282,true,true,true
CITYUSDT,2026-07-10,https://public.bybit.com/spot/CITYUSDT/CITYUSDT_2026-07-10.csv.gz,de856d1be5a8383c5b6d6a0c0e73274657ede1f689094319bf5d189d659ef803,16483,2013,1,2013,true,true,true
CITYUSDT,2026-07-11,https://public.bybit.com/spot/CITYUSDT/CITYUSDT_2026-07-11.csv.gz,b30c666f1c47025029c6ad8849768d27bb30c404220e8e64e5b8a821735ff518,9984,1206,1,1206,true,true,true
CITYUSDT,2026-07-12,https://public.bybit.com/spot/CITYUSDT/CITYUSDT_2026-07-12.csv.gz,2202e849723c94087e75a1af9ab3000712edebc24cfb5d4f315facd39b112531,9694,1197,1,1197,true,true,true
CITYUSDT,2026-07-13,https://public.bybit.com/spot/CITYUSDT/CITYUSDT_2026-07-13.csv.gz,c1d4fea79db148c158676532f98a1bf9883e5ff67f718a11f61fc07ecf76c68c,13173,1645,1,1645,true,true,true
CITYUSDT,2026-07-14,https://public.bybit.com/spot/CITYUSDT/CITYUSDT_2026-07-14.csv.gz,2e9ead8af26f06788f4a159b43efe653adbc18795ab133138a4417af7a1ca9ed,19788,2525,1,2525,true,true,true
PYBOBOUSDT,2026-06-15,https://public.bybit.com/spot/PYBOBOUSDT/PYBOBOUSDT_2026-06-15.csv.gz,f2c74742d98efe39c6667c34dde8babb8f754783b912eaf8e953d5d672aea0cf,24950,2255,1,2255,true,true,true
PYBOBOUSDT,2026-06-16,https://public.bybit.com/spot/PYBOBOUSDT/PYBOBOUSDT_2026-06-16.csv.gz,1104b49dea4c90e24e4185c7ed08a41d32c16ae39d447e6991cf148f3991fe6d,23666,2146,1,2146,true,true,true
PYBOBOUSDT,2026-06-17,https://public.bybit.com/spot/PYBOBOUSDT/PYBOBOUSDT_2026-06-17.csv.gz,f92325de360e9de50bdb9ae0ccf84b65af2ae6944e6a6f3b93ccd9a30124ec51,23137,2087,1,2087,true,true,true
PYBOBOUSDT,2026-06-18,https://public.bybit.com/spot/PYBOBOUSDT/PYBOBOUSDT_2026-06-18.csv.gz,e3c6f74931f848b95c91b4bfc1846de4d3ba3b9f2ff68fe08f26dcd884f5ab3b,22463,2039,1,2039,true,true,true
PYBOBOUSDT,2026-06-19,https://public.bybit.com/spot/PYBOBOUSDT/PYBOBOUSDT_2026-06-19.csv.gz,369d113047eb932ff39136539815628fc4510eedebe6e58dd750b751eaecd602,24602,2258,1,2258,true,true,true
PYBOBOUSDT,2026-06-20,https://public.bybit.com/spot/PYBOBOUSDT/PYBOBOUSDT_2026-06-20.csv.gz,2d810e7a4b236fb99ffc84bfedf9e0c13cfa0bae6b9660f1e91f989f8fbd4686,23472,2115,1,2115,true,true,true
PYBOBOUSDT,2026-06-21,https://public.bybit.com/spot/PYBOBOUSDT/PYBOBOUSDT_2026-06-21.csv.gz,b603109e052d354b66e931d3805e9a9e9e1e29dfba723e437ec25a8e12c2af2a,21910,1971,1,1971,true,true,true
PYBOBOUSDT,2026-06-22,https://public.bybit.com/spot/PYBOBOUSDT/PYBOBOUSDT_2026-06-22.csv.gz,c78666d8cead2c408cbe052eb2357f6f7ac83a93d9a4f50714160c2134cc612c,26215,2439,1,2439,true,true,true
PYBOBOUSDT,2026-06-23,https://public.bybit.com/spot/PYBOBOUSDT/PYBOBOUSDT_2026-06-23.csv.gz,f3f73145fc4b7a66d15b665f8ad39cf5cda6f9026bfea519f33e0191ce0bd0b2,27491,2613,1,2613,true,true,true
PYBOBOUSDT,2026-06-24,https://public.bybit.com/spot/PYBOBOUSDT/PYBOBOUSDT_2026-06-24.csv.gz,5f4c3e0d7ff05c872820884c51878a25f444f9db10afab8e570265a53fa334c9,24596,2228,1,2228,true,true,true
PYBOBOUSDT,2026-06-25,https://public.bybit.com/spot/PYBOBOUSDT/PYBOBOUSDT_2026-06-25.csv.gz,6d0c0ec5ecba884bd9d35da421d35a6ffd2e6804961157beda1f802684722654,25088,2304,1,2304,true,true,true
PYBOBOUSDT,2026-06-26,https://public.bybit.com/spot/PYBOBOUSDT/PYBOBOUSDT_2026-06-26.csv.gz,a7de9d1dd025056925ce72127f44de3c07caf48571e3f6f6711f1f0c28e6e15b,25336,2315,1,2315,true,true,true
PYBOBOUSDT,2026-06-27,https://public.bybit.com/spot/PYBOBOUSDT/PYBOBOUSDT_2026-06-27.csv.gz,b5a23297ca54178046bec0d700b82795153a3983a0797f7c2a73276b9c3dcf95,22489,2039,1,2039,true,true,true
PYBOBOUSDT,2026-06-28,https://public.bybit.com/spot/PYBOBOUSDT/PYBOBOUSDT_2026-06-28.csv.gz,a9aa54413ec9147925cf10799fd612e1b9fb3204dbe4577aacb992d1546092cb,22724,2017,1,2017,true,true,true
PYBOBOUSDT,2026-06-29,https://public.bybit.com/spot/PYBOBOUSDT/PYBOBOUSDT_2026-06-29.csv.gz,3c765fd69482818d03dc7cbf346183e5f3a44638b179c011ed5ccff38da81acb,25884,2386,1,2386,true,true,true
PYBOBOUSDT,2026-06-30,https://public.bybit.com/spot/PYBOBOUSDT/PYBOBOUSDT_2026-06-30.csv.gz,b476084009443476329d06f43fdf32a0fce708bd1e137a2931c1bb654929d006,22505,2020,1,2020,true,true,true
PYBOBOUSDT,2026-07-01,https://public.bybit.com/spot/PYBOBOUSDT/PYBOBOUSDT_2026-07-01.csv.gz,5a0b77227a4b71f6bc9ce93f8a26b5948682ad5044130b04a489b65100a68d60,23953,2168,1,2168,true,true,true
PYBOBOUSDT,2026-07-02,https://public.bybit.com/spot/PYBOBOUSDT/PYBOBOUSDT_2026-07-02.csv.gz,c3d9027bb8fb7b7ccf3a1b654e5cd3898645e60f928e8881c08961a5c16c7869,25023,2279,1,2279,true,true,true
PYBOBOUSDT,2026-07-03,https://public.bybit.com/spot/PYBOBOUSDT/PYBOBOUSDT_2026-07-03.csv.gz,f6a55cc3286ac2ac4d692cba2157dbe7c9b01e5b3c45b58b481db53752c59ea4,21613,1925,1,1925,true,true,true
PYBOBOUSDT,2026-07-04,https://public.bybit.com/spot/PYBOBOUSDT/PYBOBOUSDT_2026-07-04.csv.gz,710801b9f8df2a17a2d175ffb63874f696dd9926020ad9ed774459cefbbe4995,28752,2757,1,2757,true,true,true
PYBOBOUSDT,2026-07-05,https://public.bybit.com/spot/PYBOBOUSDT/PYBOBOUSDT_2026-07-05.csv.gz,9f58e14b45eace7ba5b6b63599263bd31de561e9449a9a64442524475efd34fa,25040,2406,1,2406,true,true,true
PYBOBOUSDT,2026-07-06,https://public.bybit.com/spot/PYBOBOUSDT/PYBOBOUSDT_2026-07-06.csv.gz,36145937b07e6a24d11028ae397b0c8f505671721ab6b77324c26e5c27a14925,23525,2135,1,2135,true,true,true
PYBOBOUSDT,2026-07-07,https://public.bybit.com/spot/PYBOBOUSDT/PYBOBOUSDT_2026-07-07.csv.gz,48a413dad69c94aee66f7134fa56242dd5cd50d3dee99749cf685cb239fd254a,21653,1955,1,1955,true,true,true
PYBOBOUSDT,2026-07-08,https://public.bybit.com/spot/PYBOBOUSDT/PYBOBOUSDT_2026-07-08.csv.gz,7ce6901c64b1c1613b1081bbc25137c9bbddd147d2de7627c3946baf3393749d,23764,2145,1,2145,true,true,true
PYBOBOUSDT,2026-07-09,https://public.bybit.com/spot/PYBOBOUSDT/PYBOBOUSDT_2026-07-09.csv.gz,0d5e11c787a7bf64ee0db95996364afedc2f97a2f88ded66435cea90a2c53049,23938,2184,1,2184,true,true,true
PYBOBOUSDT,2026-07-10,https://public.bybit.com/spot/PYBOBOUSDT/PYBOBOUSDT_2026-07-10.csv.gz,248c9a1214d7569660b0de14527b78cb8be9989a637a286aa58d705f8e8073aa,23520,2170,1,2170,true,true,true
PYBOBOUSDT,2026-07-11,https://public.bybit.com/spot/PYBOBOUSDT/PYBOBOUSDT_2026-07-11.csv.gz,9d97a96c9cb271fae1407bc649e8173792e46d734453973e5477c138af5a5f55,24097,2200,1,2200,true,true,true
PYBOBOUSDT,2026-07-12,https://public.bybit.com/spot/PYBOBOUSDT/PYBOBOUSDT_2026-07-12.csv.gz,233103deaf8aa9b0dddf913d3c2e0607c9c29e870c69adb1ab43b99c5c23e578,28597,2804,1,2804,true,true,true
PYBOBOUSDT,2026-07-13,https://public.bybit.com/spot/PYBOBOUSDT/PYBOBOUSDT_2026-07-13.csv.gz,a49f08257cd66871513ea79e71785af095e1b545611c2f457ae8b18ca6a3f773,23436,2125,1,2125,true,true,true
PYBOBOUSDT,2026-07-14,https://public.bybit.com/spot/PYBOBOUSDT/PYBOBOUSDT_2026-07-14.csv.gz,b5b4039e0db96bf4695db5297362c1c89f266f23d8af96266cd2fd1592f973f4,24582,2257,1,2257,true,true,true
