selection_rank,symbol,ticker_turnover_24h,date,url,compressed_bytes,sha256
1,KCSUSDT,5014.97044,2026-07-12,https://public.bybit.com/spot/KCSUSDT/KCSUSDT_2026-07-12.csv.gz,236,38ba83e4cb191d462ef47241b66a1decd84ef2da755044cb8e8f0bbe80b17b0e
1,KCSUSDT,5014.97044,2026-07-13,https://public.bybit.com/spot/KCSUSDT/KCSUSDT_2026-07-13.csv.gz,398,aa53e68af8631a730ec7726d6ff84cedafed2200e7a9e003c21964836c47e5c9
1,KCSUSDT,5014.97044,2026-07-14,https://public.bybit.com/spot/KCSUSDT/KCSUSDT_2026-07-14.csv.gz,220,56dd8f8056788e2edb85b5071e595b3784999134713401bc50c58c620ab74b2e
2,OLUSDT,5709.397188,2026-07-12,https://public.bybit.com/spot/OLUSDT/OLUSDT_2026-07-12.csv.gz,436,e11e69b1d58e28fac37dd2a311338d2b6d24b8c387a0b05bbbd1474fc050bb7c
2,OLUSDT,5709.397188,2026-07-13,https://public.bybit.com/spot/OLUSDT/OLUSDT_2026-07-13.csv.gz,2599,8c42042d10ef313ead7ef9f348c9b878fbe72a561e8fdb7e07c60d7468defe6a
2,OLUSDT,5709.397188,2026-07-14,https://public.bybit.com/spot/OLUSDT/OLUSDT_2026-07-14.csv.gz,665,dd6c0d05a15bbea2f37ec6b8a471a249625cfde536f824bb079da39430891155
3,FIDAUSDT,5864.6345341,2026-07-12,https://public.bybit.com/spot/FIDAUSDT/FIDAUSDT_2026-07-12.csv.gz,3229,b342ce6cd335beeae9a31d9f28b4ded7f18c230e0224d0c7c1ff2e548913a82d
3,FIDAUSDT,5864.6345341,2026-07-13,https://public.bybit.com/spot/FIDAUSDT/FIDAUSDT_2026-07-13.csv.gz,3189,bd18dc067413e72d08bb0bf615473624c33552027690e01ae49f71f9143634c0
3,FIDAUSDT,5864.6345341,2026-07-14,https://public.bybit.com/spot/FIDAUSDT/FIDAUSDT_2026-07-14.csv.gz,2475,bc710cd577479f8c925bc58aaf78f97535548233cdc11ae35ac9c98d0bec218b
4,ETHWUSDT,6877.980441,2026-07-12,https://public.bybit.com/spot/ETHWUSDT/ETHWUSDT_2026-07-12.csv.gz,946,7f2473d3548719c8bb1d399d5f47018606891ea61ad978677a2d3cfe042bdaee
4,ETHWUSDT,6877.980441,2026-07-13,https://public.bybit.com/spot/ETHWUSDT/ETHWUSDT_2026-07-13.csv.gz,1891,8f86d8dfae52820189300ca78bd33ac6e408a00f065927ceee8a8e2d880c7ce0
4,ETHWUSDT,6877.980441,2026-07-14,https://public.bybit.com/spot/ETHWUSDT/ETHWUSDT_2026-07-14.csv.gz,1322,b532303aeecc2dc46049046126d2b2b69507c2c68ba064d2f747ffd6a766fdb8
5,XAVAUSDT,7170.711254,2026-07-12,https://public.bybit.com/spot/XAVAUSDT/XAVAUSDT_2026-07-12.csv.gz,13744,0598889748e0281b16f52ad9ae4f2d40b4b4cd7a12777fa30831d2166db5e8ad
5,XAVAUSDT,7170.711254,2026-07-13,https://public.bybit.com/spot/XAVAUSDT/XAVAUSDT_2026-07-13.csv.gz,14664,44171a97c669328fc7bf3a61da830a248a2a1d5789bf6a06997cd61fd2a1bb4d
5,XAVAUSDT,7170.711254,2026-07-14,https://public.bybit.com/spot/XAVAUSDT/XAVAUSDT_2026-07-14.csv.gz,10928,09f5508612eabb5597acc2d385394ead85e2d86ad6040e5ff0b18c95e77a30f5
6,CATUSDT,7421.472566265,2026-07-12,https://public.bybit.com/spot/CATUSDT/CATUSDT_2026-07-12.csv.gz,2931,dc4cc4c7468ae0b8d4f84d90913b1cfb38ed535d4bda67c4de9b1f28df2eb9a7
6,CATUSDT,7421.472566265,2026-07-13,https://public.bybit.com/spot/CATUSDT/CATUSDT_2026-07-13.csv.gz,2841,94885dbfade18299cb4525b38f354ce30b3e082786a77066426809e626403bee
6,CATUSDT,7421.472566265,2026-07-14,https://public.bybit.com/spot/CATUSDT/CATUSDT_2026-07-14.csv.gz,3207,09b29f33d7dfffe93b9a5453b1d0896153346d620799e360837a1f42b5d82eb2
7,USDSUSDT,8231.354829,2026-07-12,https://public.bybit.com/spot/USDSUSDT/USDSUSDT_2026-07-12.csv.gz,468,51b1901fba181530eff1f576ac2b608d9bbff8ffd7698772c3ed0c5a5741e6fd
7,USDSUSDT,8231.354829,2026-07-13,https://public.bybit.com/spot/USDSUSDT/USDSUSDT_2026-07-13.csv.gz,488,51d6d47fdb41c691fc7001a5e7e5a5c7c7bcf2c4131c7ed7fb1940c1d0e4302f
7,USDSUSDT,8231.354829,2026-07-14,https://public.bybit.com/spot/USDSUSDT/USDSUSDT_2026-07-14.csv.gz,422,242517ac96443a1e406c37859203aa951440fcf5a36b566ee48bbcadce7b3bc6
8,SOLVUSDT,8264.3087546,2026-07-12,https://public.bybit.com/spot/SOLVUSDT/SOLVUSDT_2026-07-12.csv.gz,4163,7a04c1e54f08d947d1f90722f6934ba20a2049207de215fb08f976cbb06aed36
8,SOLVUSDT,8264.3087546,2026-07-13,https://public.bybit.com/spot/SOLVUSDT/SOLVUSDT_2026-07-13.csv.gz,3885,d79e5e5645a3a725934ebf9fee4a84d31f99fd8c997caa16fe0b797613f6ad42
8,SOLVUSDT,8264.3087546,2026-07-14,https://public.bybit.com/spot/SOLVUSDT/SOLVUSDT_2026-07-14.csv.gz,4292,fa4743f7ab7844303b3ec326b1d3bb372c865a75bc2378a0a7f31135febb3679
9,TAIUSDT,8467.0581504,2026-07-12,https://public.bybit.com/spot/TAIUSDT/TAIUSDT_2026-07-12.csv.gz,9560,6c8c5e2644e679e242fadc0e725d50f5fc6290ce09e14efe42ef9cba5395ed46
9,TAIUSDT,8467.0581504,2026-07-13,https://public.bybit.com/spot/TAIUSDT/TAIUSDT_2026-07-13.csv.gz,3564,b369c4535ca43d7178faca5e29c555637f316d8a69d301891611fadcf8c5ccd3
9,TAIUSDT,8467.0581504,2026-07-14,https://public.bybit.com/spot/TAIUSDT/TAIUSDT_2026-07-14.csv.gz,2704,1f93881684aa0e64af13aca0f40a73b92e1b9c9430d2e7206f70fe30bf57f3eb
10,INITUSDT,8497.397508,2026-07-12,https://public.bybit.com/spot/INITUSDT/INITUSDT_2026-07-12.csv.gz,2914,401af7f46351d08c3a53030244ce815b7cb71097a72ce9a926bb55aefc515092
10,INITUSDT,8497.397508,2026-07-13,https://public.bybit.com/spot/INITUSDT/INITUSDT_2026-07-13.csv.gz,7474,b9a19ff359dac30f06f95e0d77995e9ba4adf385d57460c39016e0032f6e3c18
10,INITUSDT,8497.397508,2026-07-14,https://public.bybit.com/spot/INITUSDT/INITUSDT_2026-07-14.csv.gz,6235,2ff32c6662ed9beb0bac08c7a66db39ccdca27114befbe2e2a59b0788edf0dc6
11,GMTUSDT,8718.82616671,2026-07-12,https://public.bybit.com/spot/GMTUSDT/GMTUSDT_2026-07-12.csv.gz,9784,336b5807aa72cf10969bde3eb4d91f224a08d10c9a011450d9453aec5c20ce28
11,GMTUSDT,8718.82616671,2026-07-13,https://public.bybit.com/spot/GMTUSDT/GMTUSDT_2026-07-13.csv.gz,12946,5e134560cb44d6a4db4e2385d70db0bbab179083831416019eae302269c6d593
11,GMTUSDT,8718.82616671,2026-07-14,https://public.bybit.com/spot/GMTUSDT/GMTUSDT_2026-07-14.csv.gz,5711,71d3a94c02dd8fbfe30426880298a9095c411902c1461079bca093f155cf08a5
12,GTAIUSDT,8907.3112985,2026-07-12,https://public.bybit.com/spot/GTAIUSDT/GTAIUSDT_2026-07-12.csv.gz,15336,6328f930cb8073827d35dd55676f7e33098947a0ac37a489a3dcef7e1f482f5f
12,GTAIUSDT,8907.3112985,2026-07-13,https://public.bybit.com/spot/GTAIUSDT/GTAIUSDT_2026-07-13.csv.gz,15647,84a45cb9b0ad7f063dcee1776aa6274d15e9d0139a094510178f681328556a5b
12,GTAIUSDT,8907.3112985,2026-07-14,https://public.bybit.com/spot/GTAIUSDT/GTAIUSDT_2026-07-14.csv.gz,13725,a40957406a67b624f2e06cd4136e874eff0eec8574396ab4115cd0594b76cfec
13,PAALUSDT,9428.726785,2026-07-12,https://public.bybit.com/spot/PAALUSDT/PAALUSDT_2026-07-12.csv.gz,3308,b0e76e8ac1270ab40e0f27fe0f4ef15ee385bb86682ac38a41fe30862d4d3654
13,PAALUSDT,9428.726785,2026-07-13,https://public.bybit.com/spot/PAALUSDT/PAALUSDT_2026-07-13.csv.gz,4698,e97e0c748c4332d9600cf0de87bdc7e51f932de1e9113b5ffcb2d2cc7a381fa5
13,PAALUSDT,9428.726785,2026-07-14,https://public.bybit.com/spot/PAALUSDT/PAALUSDT_2026-07-14.csv.gz,4301,8bd152b8a4a76125b2ea9e9343ee094417720430c475eb4cc867bace70da3f72
14,BOBAUSDT,9528.7719377,2026-07-12,https://public.bybit.com/spot/BOBAUSDT/BOBAUSDT_2026-07-12.csv.gz,1693,f85e71bfdfbf41705b32cb78099aed5940eb93d98926fd1bab61343f14735aa3
14,BOBAUSDT,9528.7719377,2026-07-13,https://public.bybit.com/spot/BOBAUSDT/BOBAUSDT_2026-07-13.csv.gz,3755,af1dbf3293a242b21d3e8ed4b4b87fabb7f86d8ed646f3a46fb2477de1273d71
14,BOBAUSDT,9528.7719377,2026-07-14,https://public.bybit.com/spot/BOBAUSDT/BOBAUSDT_2026-07-14.csv.gz,3229,ff119041a0676838cb3e79f945c6ec1d5a37fc69587639d8746d2111093a3f53
15,C98USDT,9569.330611,2026-07-12,https://public.bybit.com/spot/C98USDT/C98USDT_2026-07-12.csv.gz,7960,0aecf60313c378e101d26dda532834b7f3de2bdcd40651a127e1ea41ee545a8d
15,C98USDT,9569.330611,2026-07-13,https://public.bybit.com/spot/C98USDT/C98USDT_2026-07-13.csv.gz,7418,548431c9e0a7c273b64774574b8e80daf398afabd78d92f0035e112588ddc30c
15,C98USDT,9569.330611,2026-07-14,https://public.bybit.com/spot/C98USDT/C98USDT_2026-07-14.csv.gz,3166,6982066685e93bf6751a65eb6ecd2ffe57a94c2248b7239d3797c35c04dea43a
16,XTERUSDT,9700.523525,2026-07-12,https://public.bybit.com/spot/XTERUSDT/XTERUSDT_2026-07-12.csv.gz,15573,f9816d003e0a159932d1ed0481ae3292c81bca688fcb06727f9930172b70221f
16,XTERUSDT,9700.523525,2026-07-13,https://public.bybit.com/spot/XTERUSDT/XTERUSDT_2026-07-13.csv.gz,31230,9bc79df07126bb140fd2ddaf37ad480ce07b4747fae84464188ebe7520fea3eb
16,XTERUSDT,9700.523525,2026-07-14,https://public.bybit.com/spot/XTERUSDT/XTERUSDT_2026-07-14.csv.gz,7373,9583a951feee467abe31d5b7ae4aca3025ec78c46b4a9047fe1c697a48c035a2
17,ACSUSDT,9943.40593128,2026-07-12,https://public.bybit.com/spot/ACSUSDT/ACSUSDT_2026-07-12.csv.gz,764,ab785af2a3e8b8aa46e7a1f4f2a3f907684ce01c48d856dd2a7043bca22aaba2
17,ACSUSDT,9943.40593128,2026-07-13,https://public.bybit.com/spot/ACSUSDT/ACSUSDT_2026-07-13.csv.gz,2625,e736fcb2e86e9eaf8b7b509a4d113a5dd83e0f0c46265d713c7c2aafe0754b65
17,ACSUSDT,9943.40593128,2026-07-14,https://public.bybit.com/spot/ACSUSDT/ACSUSDT_2026-07-14.csv.gz,2330,779ce9805ccf3f9051731ef6e5391432c934d28c9e09adec09e5b96f62ec141a
18,DOLOUSDT,10067.548682,2026-07-12,https://public.bybit.com/spot/DOLOUSDT/DOLOUSDT_2026-07-12.csv.gz,3234,dc0b8696f7c01ab6287da10988625a5c8bc1996dbe2be972a3f4e06343b9dd6e
18,DOLOUSDT,10067.548682,2026-07-13,https://public.bybit.com/spot/DOLOUSDT/DOLOUSDT_2026-07-13.csv.gz,5696,63f98afd5b1557fcd4ec0cc444a9de68e8ec1d3958a4d62209fccadf10c78791
18,DOLOUSDT,10067.548682,2026-07-14,https://public.bybit.com/spot/DOLOUSDT/DOLOUSDT_2026-07-14.csv.gz,3858,8247330127b954c40f6a09a55e73b3e59286c166199fbc35984b996908a643dd
19,AMZNXUSDT,10339.43742,2026-07-12,https://public.bybit.com/spot/AMZNXUSDT/AMZNXUSDT_2026-07-12.csv.gz,2803,3ae639fada7fbac8301e161c542201415534da9ac858ef7294674aeea6e3518e
19,AMZNXUSDT,10339.43742,2026-07-13,https://public.bybit.com/spot/AMZNXUSDT/AMZNXUSDT_2026-07-13.csv.gz,3165,6b751453f50d848b1aa280952c21a9dc30eecc71a92793adce7a274513342985
19,AMZNXUSDT,10339.43742,2026-07-14,https://public.bybit.com/spot/AMZNXUSDT/AMZNXUSDT_2026-07-14.csv.gz,3184,c4e6fdce449e874f73f87a2777b0b6dace3bd9f3536630010421c57761e1d85e
20,NFTUSDT,10476.7814067161,2026-07-12,https://public.bybit.com/spot/NFTUSDT/NFTUSDT_2026-07-12.csv.gz,1257,0fd348b94fb51a2585244134cbe717daafc3a577b0b7ae73c3b40ccf4565135e
20,NFTUSDT,10476.7814067161,2026-07-13,https://public.bybit.com/spot/NFTUSDT/NFTUSDT_2026-07-13.csv.gz,2733,c1f45156104eb1413a16e33f53c60f38aced103b43a6a1da0e7ccaef301fdca1
20,NFTUSDT,10476.7814067161,2026-07-14,https://public.bybit.com/spot/NFTUSDT/NFTUSDT_2026-07-14.csv.gz,1116,f0be688c7699025451a5dfad83d6588f001852e462963373e3dcb73dd13a6f38
21,AVAUSDT,10772.719858,2026-07-12,https://public.bybit.com/spot/AVAUSDT/AVAUSDT_2026-07-12.csv.gz,1746,475fe68bc201f570ab21f683943f3b75545d36f9eb580628ae00ef2a4c20a2a2
21,AVAUSDT,10772.719858,2026-07-13,https://public.bybit.com/spot/AVAUSDT/AVAUSDT_2026-07-13.csv.gz,4836,32a37888c5aec37fe1c52170f55aa41c7b08c6a7ad3f34972abce75e3faa6189
21,AVAUSDT,10772.719858,2026-07-14,https://public.bybit.com/spot/AVAUSDT/AVAUSDT_2026-07-14.csv.gz,2289,5de8110ddda204355b9b60559ac0695017b455263b045c45f5b069353f6750b6
22,NAKAUSDT,11820.3635273,2026-07-12,https://public.bybit.com/spot/NAKAUSDT/NAKAUSDT_2026-07-12.csv.gz,21305,1a9e30db938269e014fc5bf091a472757564dc673f2c49c7de69d7df716aacb3
22,NAKAUSDT,11820.3635273,2026-07-13,https://public.bybit.com/spot/NAKAUSDT/NAKAUSDT_2026-07-13.csv.gz,9761,f154b4535d62037bc9818fa4d7b6a417552b50d1ab7744f9f62f7fcb6893e79a
22,NAKAUSDT,11820.3635273,2026-07-14,https://public.bybit.com/spot/NAKAUSDT/NAKAUSDT_2026-07-14.csv.gz,4239,c7617bc271d1416bf17bfafea9c51419826d5582ecbea23a755489c00050c427
23,ERAUSDT,12004.18349,2026-07-12,https://public.bybit.com/spot/ERAUSDT/ERAUSDT_2026-07-12.csv.gz,35126,bbc1ac778c538bd1a0e8e2da06fc9edbdab3d51f8dc192fdd8248a82c39689ec
23,ERAUSDT,12004.18349,2026-07-13,https://public.bybit.com/spot/ERAUSDT/ERAUSDT_2026-07-13.csv.gz,28437,b510bf77fb1d2e356905016ba9afc27cb34118b2144e8c19831573a1ec933d5b
23,ERAUSDT,12004.18349,2026-07-14,https://public.bybit.com/spot/ERAUSDT/ERAUSDT_2026-07-14.csv.gz,11470,003ad9ec8bdd6f1f851e2972ae6a32f835abaf8f3f58ae5a673ef6fd0c1c0b89
24,SCAUSDT,12023.1165728,2026-07-12,https://public.bybit.com/spot/SCAUSDT/SCAUSDT_2026-07-12.csv.gz,2251,5c7a8d56011b51e3379f689dd470ceda8e114654ae8006f2437851841161d0e7
24,SCAUSDT,12023.1165728,2026-07-13,https://public.bybit.com/spot/SCAUSDT/SCAUSDT_2026-07-13.csv.gz,2752,3b34e21725ac44da4bf044179abc2dccc93d8629b7db182ab828873c8190780f
24,SCAUSDT,12023.1165728,2026-07-14,https://public.bybit.com/spot/SCAUSDT/SCAUSDT_2026-07-14.csv.gz,11102,f0c0c5132faaad3241b387890ac9676fb6b38638c35316e5c2f1b4bcb8b4a392
25,STREAMUSDT,12320.7973721,2026-07-12,https://public.bybit.com/spot/STREAMUSDT/STREAMUSDT_2026-07-12.csv.gz,22993,0ffe79e4fdc7163797c6b4dc61f8665c77dffdf98854b9b88f706cbb9bce0102
25,STREAMUSDT,12320.7973721,2026-07-13,https://public.bybit.com/spot/STREAMUSDT/STREAMUSDT_2026-07-13.csv.gz,25071,f17317339f5b6f894c785c28b2fc66842d787d0cc2c0b31f0b8a396b571673c4
25,STREAMUSDT,12320.7973721,2026-07-14,https://public.bybit.com/spot/STREAMUSDT/STREAMUSDT_2026-07-14.csv.gz,12233,ae45d12936e5bee66a0ad29941ae079f0592139ad06cdd0c420bd9f65b240637
26,ICXUSDT,12579.0714992,2026-07-12,https://public.bybit.com/spot/ICXUSDT/ICXUSDT_2026-07-12.csv.gz,3543,def6821f7ea6a2376088f9206818735caa3abd82642dec9a7d88598bc9554121
26,ICXUSDT,12579.0714992,2026-07-13,https://public.bybit.com/spot/ICXUSDT/ICXUSDT_2026-07-13.csv.gz,8109,928d5c15c15d001a1b198c43ee85892fdddf7e6152bb48018e983ee60113fdf3
26,ICXUSDT,12579.0714992,2026-07-14,https://public.bybit.com/spot/ICXUSDT/ICXUSDT_2026-07-14.csv.gz,7038,aded439750fb2e89fe6db59037f149a7adb923e66ef19b70b611993d629211b8
27,CGPTUSDT,12692.4874699,2026-07-12,https://public.bybit.com/spot/CGPTUSDT/CGPTUSDT_2026-07-12.csv.gz,3927,4c248ab89152f9a63096cc640d7028d5d0276cf4710a4ba27217fb45d5f777e6
27,CGPTUSDT,12692.4874699,2026-07-13,https://public.bybit.com/spot/CGPTUSDT/CGPTUSDT_2026-07-13.csv.gz,8162,ffc1b2d26ba0db596161696dbd89a5cfe90b53c16589dfb47242126cbe618e8f
27,CGPTUSDT,12692.4874699,2026-07-14,https://public.bybit.com/spot/CGPTUSDT/CGPTUSDT_2026-07-14.csv.gz,6470,1a28f70a9b71ae4d84871c0bb616ea02817293712841f67a0f877712bb9e2e3d
28,WAXPUSDT,12737.398629,2026-07-12,https://public.bybit.com/spot/WAXPUSDT/WAXPUSDT_2026-07-12.csv.gz,4248,578986769fbceccea263accbea74f3b94260fd60678a8d493034583d8343254f
28,WAXPUSDT,12737.398629,2026-07-13,https://public.bybit.com/spot/WAXPUSDT/WAXPUSDT_2026-07-13.csv.gz,2383,5979544a7bdb232b37fa8e35dc2b267af34a6b97ee2ba2d906c658008deb2355
28,WAXPUSDT,12737.398629,2026-07-14,https://public.bybit.com/spot/WAXPUSDT/WAXPUSDT_2026-07-14.csv.gz,796,fbbf771027ac54d84b1995961a066f0254a01307ef7d240f388d2cf47d4a5ccc
29,METHUSDT,12904.7714751,2026-07-12,https://public.bybit.com/spot/METHUSDT/METHUSDT_2026-07-12.csv.gz,15369,05167dd94cadce61ce9c194039710eea30314d0de886c267f6175203b42690d3
29,METHUSDT,12904.7714751,2026-07-13,https://public.bybit.com/spot/METHUSDT/METHUSDT_2026-07-13.csv.gz,42029,67cb422625f90d66287117d9cdd3672c51678efea61f69851bea1d8b8ce1b59c
29,METHUSDT,12904.7714751,2026-07-14,https://public.bybit.com/spot/METHUSDT/METHUSDT_2026-07-14.csv.gz,15589,46a8394e91c23ef995907353bc81583ae747f0902102e46158108c53cb77e141
30,DOGSUSDT,13504.16686124,2026-07-12,https://public.bybit.com/spot/DOGSUSDT/DOGSUSDT_2026-07-12.csv.gz,6583,8755fe8443cb9f84ca13830368cf9a9bbc53af497a6901a0ca9ec43aef8cbaf0
30,DOGSUSDT,13504.16686124,2026-07-13,https://public.bybit.com/spot/DOGSUSDT/DOGSUSDT_2026-07-13.csv.gz,6856,608c3894fb36463fc3a69c063179d7a354fef34dee37ebfdef0dbf914bc06a35
30,DOGSUSDT,13504.16686124,2026-07-14,https://public.bybit.com/spot/DOGSUSDT/DOGSUSDT_2026-07-14.csv.gz,9515,7c1f6b94d1536a4b286e0b5e183768ddf2c2f37098fbfb79a43133679d45d98f
31,ZKJUSDT,13618.04001049,2026-07-12,https://public.bybit.com/spot/ZKJUSDT/ZKJUSDT_2026-07-12.csv.gz,11904,5e2aaa5699317df6382465d1b10921166ddc655dadd9dafe01b8c5dfa5c2dc52
31,ZKJUSDT,13618.04001049,2026-07-13,https://public.bybit.com/spot/ZKJUSDT/ZKJUSDT_2026-07-13.csv.gz,10546,536c23387791248036e6dd305e958461039b2248e0fb7af485b3f162498832df
31,ZKJUSDT,13618.04001049,2026-07-14,https://public.bybit.com/spot/ZKJUSDT/ZKJUSDT_2026-07-14.csv.gz,7411,973f211a5317d771048696921a9416ac94fddbebdc6b0ea87c0202f85e1d518a
32,USTCUSDT,13717.2576382,2026-07-12,https://public.bybit.com/spot/USTCUSDT/USTCUSDT_2026-07-12.csv.gz,2426,c93371462a523d85e1ea17f7aee033e7fedad9b395175542d4eaf1b3c51cd786
32,USTCUSDT,13717.2576382,2026-07-13,https://public.bybit.com/spot/USTCUSDT/USTCUSDT_2026-07-13.csv.gz,2322,3e2615ef8832f1e0096d2cb0317ddea60937dd2812af3149454f575ebd45744a
32,USTCUSDT,13717.2576382,2026-07-14,https://public.bybit.com/spot/USTCUSDT/USTCUSDT_2026-07-14.csv.gz,2474,c74be2aae35575a70b78f19c108df9c8417d6c21d82b615d90ff4114c02863ba
33,ACHUSDT,13885.5313909,2026-07-12,https://public.bybit.com/spot/ACHUSDT/ACHUSDT_2026-07-12.csv.gz,8872,257bba73eeef963466c8d060b1a252a818f8ddf9f808664663096fe3ad1add5a
33,ACHUSDT,13885.5313909,2026-07-13,https://public.bybit.com/spot/ACHUSDT/ACHUSDT_2026-07-13.csv.gz,9965,92d1187f225e58a47dd6b67beb906fc8b28b4adc60e2a9d7a54184d22ae26954
33,ACHUSDT,13885.5313909,2026-07-14,https://public.bybit.com/spot/ACHUSDT/ACHUSDT_2026-07-14.csv.gz,6468,d08377340c0c35e222c55bed2adefe87223b6b2357a56d1025bc5a95e2e932e6
34,AIOZUSDT,13924.0768875,2026-07-12,https://public.bybit.com/spot/AIOZUSDT/AIOZUSDT_2026-07-12.csv.gz,10768,1493b0502fe2aee05ec4fe810cd25c0e5a7c51b0de76dc09be667ce7d6b262b1
34,AIOZUSDT,13924.0768875,2026-07-13,https://public.bybit.com/spot/AIOZUSDT/AIOZUSDT_2026-07-13.csv.gz,12536,0e9598596d4bfa980acec0a13e9ba8dd8e985e70414bbf0c7001e0561a12da9c
34,AIOZUSDT,13924.0768875,2026-07-14,https://public.bybit.com/spot/AIOZUSDT/AIOZUSDT_2026-07-14.csv.gz,11070,cf79ef9c3b56a37d6c1f69030e35ab9b036be0b29479b9cf56087fbe643c0ee3
35,AFCUSDT,14257.48158,2026-07-12,https://public.bybit.com/spot/AFCUSDT/AFCUSDT_2026-07-12.csv.gz,15465,1bd37d112cc6529a0ae1dd0184c17c1dd2366f48c31386c0f0778ccc4d951731
35,AFCUSDT,14257.48158,2026-07-13,https://public.bybit.com/spot/AFCUSDT/AFCUSDT_2026-07-13.csv.gz,18331,9f9eb5ec951eee4ecef122884547fb8164cc4c0b4775e2f933872c910488cec6
35,AFCUSDT,14257.48158,2026-07-14,https://public.bybit.com/spot/AFCUSDT/AFCUSDT_2026-07-14.csv.gz,19201,d9978c1f3c3e51aa891fc0f423988b99cbb1c577522d09b736d3f97127bec735
36,PRCLUSDT,14278.8288316,2026-07-12,https://public.bybit.com/spot/PRCLUSDT/PRCLUSDT_2026-07-12.csv.gz,3300,2d8fe8397de8510a79b88c8ce3187d1c4788a369625066534e1652d92cfb18de
36,PRCLUSDT,14278.8288316,2026-07-13,https://public.bybit.com/spot/PRCLUSDT/PRCLUSDT_2026-07-13.csv.gz,7987,0f4fafa01e2daa794ece226b667097482078ee197ab590b00e8804dac956eb49
36,PRCLUSDT,14278.8288316,2026-07-14,https://public.bybit.com/spot/PRCLUSDT/PRCLUSDT_2026-07-14.csv.gz,13632,036153cbee0884322278e1c0952924e6dc2d29ba6836dd34be4c9a1b20c53db0
37,MEWUSDT,14358.35995303,2026-07-12,https://public.bybit.com/spot/MEWUSDT/MEWUSDT_2026-07-12.csv.gz,3009,a2d559a21ea3570a261921064878df65544bdc26b9283d73166993e8c78154aa
37,MEWUSDT,14358.35995303,2026-07-13,https://public.bybit.com/spot/MEWUSDT/MEWUSDT_2026-07-13.csv.gz,4968,b4c3b5859dc1259347afefa9f7c0854a8b7f745b8c6cc2ddcd104df89781e416
37,MEWUSDT,14358.35995303,2026-07-14,https://public.bybit.com/spot/MEWUSDT/MEWUSDT_2026-07-14.csv.gz,3902,24e3a8c5b6ea4b7812690a43627f6594b0c49afc3cee1c8c6a9ef5a5d8ee1329
38,PIRATEUSDT,14653.8916908,2026-07-12,https://public.bybit.com/spot/PIRATEUSDT/PIRATEUSDT_2026-07-12.csv.gz,5849,4ab98ad7fab2f8463c3c2b5553af47dc3cdbc2480ce402b7b705a627c1f1602e
38,PIRATEUSDT,14653.8916908,2026-07-13,https://public.bybit.com/spot/PIRATEUSDT/PIRATEUSDT_2026-07-13.csv.gz,8914,ed6cdfd03172b5805d32125f07e75bc54d7e7f46b3182296780613992dcee9af
38,PIRATEUSDT,14653.8916908,2026-07-14,https://public.bybit.com/spot/PIRATEUSDT/PIRATEUSDT_2026-07-14.csv.gz,26265,b58e6e5a30b27b99a66de257cd75af8e8a59548ba4f02a299affa4792ce10cc4
39,ROSEUSDT,14737.70926189,2026-07-12,https://public.bybit.com/spot/ROSEUSDT/ROSEUSDT_2026-07-12.csv.gz,3243,a6fdbd1f5ae64885497e6d407202bb6cd8bfc02cbde9d1f66a1bb3f99a1c24d1
39,ROSEUSDT,14737.70926189,2026-07-13,https://public.bybit.com/spot/ROSEUSDT/ROSEUSDT_2026-07-13.csv.gz,7579,6d646ab98e624611a411ba2405d43ec0bf27befc238f0e827613c71f264efc92
39,ROSEUSDT,14737.70926189,2026-07-14,https://public.bybit.com/spot/ROSEUSDT/ROSEUSDT_2026-07-14.csv.gz,2509,84655a013b79bedf9056d1ef50d60aa26146462d7d9f5f6c3eea4e2c983be7a4
40,MXUSDT,15022.99154,2026-07-12,https://public.bybit.com/spot/MXUSDT/MXUSDT_2026-07-12.csv.gz,11316,190f43463dad36ca9f211ed9b85e1c1eacb7e518470171d8f6aa20c9c8854f88
40,MXUSDT,15022.99154,2026-07-13,https://public.bybit.com/spot/MXUSDT/MXUSDT_2026-07-13.csv.gz,11960,ab86cba6f949d01022f546f91512870528f611797a9874f5f185887601747d8d
40,MXUSDT,15022.99154,2026-07-14,https://public.bybit.com/spot/MXUSDT/MXUSDT_2026-07-14.csv.gz,12561,c0d8d33ff70b4f0a8900d456839586b26b22b9f01873443f3b723d84ff4f1100
41,VERONAUSDT,15602.728132,2026-07-12,https://public.bybit.com/spot/VERONAUSDT/VERONAUSDT_2026-07-12.csv.gz,4839,081feef246cb80d8b7dc3ccda1eb50c51a1137d1a5343756d209741253b7b2d5
41,VERONAUSDT,15602.728132,2026-07-13,https://public.bybit.com/spot/VERONAUSDT/VERONAUSDT_2026-07-13.csv.gz,16220,1ac909d1485a5a12f4be07cacd84e093ad14f0dcaad415645b9eef92b97d7299
41,VERONAUSDT,15602.728132,2026-07-14,https://public.bybit.com/spot/VERONAUSDT/VERONAUSDT_2026-07-14.csv.gz,5246,fc0a1176e70dc6ee8ba9db987023c472795e9610234466e8c49aede5e8e920f1
42,NAVXUSDT,16073.9673327,2026-07-12,https://public.bybit.com/spot/NAVXUSDT/NAVXUSDT_2026-07-12.csv.gz,3497,70b07d4bc3fc95a09e408b1364637c48ed4d29c3487b8a6fa590d6b058d50585
42,NAVXUSDT,16073.9673327,2026-07-13,https://public.bybit.com/spot/NAVXUSDT/NAVXUSDT_2026-07-13.csv.gz,8254,94fe0fce1a3f54f5f81b136a6f9deb264ebdd0585205aad9cfde8ab2acb32a53
42,NAVXUSDT,16073.9673327,2026-07-14,https://public.bybit.com/spot/NAVXUSDT/NAVXUSDT_2026-07-14.csv.gz,4816,6e004937125af2b802143a61413b72fe52dbdaee14b37f30ad550bde71ba662d
43,SAROSUSDT,16099.58003052,2026-07-12,https://public.bybit.com/spot/SAROSUSDT/SAROSUSDT_2026-07-12.csv.gz,10839,57aa1acb13969a2e76fe4880b0e2bec7e6ff29523889fed1c67c102f9a003354
43,SAROSUSDT,16099.58003052,2026-07-13,https://public.bybit.com/spot/SAROSUSDT/SAROSUSDT_2026-07-13.csv.gz,11147,00eef411ff137d0ce1625e846d7f0e14a9be41386b73b7a346696e71673d1f55
43,SAROSUSDT,16099.58003052,2026-07-14,https://public.bybit.com/spot/SAROSUSDT/SAROSUSDT_2026-07-14.csv.gz,12537,ba11ee9216243eaf7bb8f467a1b2938bd678f97bd4eb5214c51613e113d7735b
44,LAUSDT,16956.240071,2026-07-12,https://public.bybit.com/spot/LAUSDT/LAUSDT_2026-07-12.csv.gz,4671,24d5329bd26a8e62b907dba2b465041737d1d666f6d70226e98b054220a925f1
44,LAUSDT,16956.240071,2026-07-13,https://public.bybit.com/spot/LAUSDT/LAUSDT_2026-07-13.csv.gz,6854,b198bd3f9f522adaf4836e6cd10362374d6846e2b188fe4310f4f6dce5ff5245
44,LAUSDT,16956.240071,2026-07-14,https://public.bybit.com/spot/LAUSDT/LAUSDT_2026-07-14.csv.gz,3967,2f2de0f1cc45f38aff80c4a47376e7ba6ebb78235b5ff588c2ea4dcb27cd43f4
45,JUVUSDT,16963.974116,2026-07-12,https://public.bybit.com/spot/JUVUSDT/JUVUSDT_2026-07-12.csv.gz,7998,b3c05cb52dac2048639e2b7fa0d828f331820695ef579e46ca9ea19fa87a309b
45,JUVUSDT,16963.974116,2026-07-13,https://public.bybit.com/spot/JUVUSDT/JUVUSDT_2026-07-13.csv.gz,9203,0edb8728664df9431c27de5c0564392f9f2d8b0fe8e385fb9e501c84952a4f65
45,JUVUSDT,16963.974116,2026-07-14,https://public.bybit.com/spot/JUVUSDT/JUVUSDT_2026-07-14.csv.gz,15703,cee1cb6b0866fa995888dcab910187f411242cbd9fb11a84ce4abf2972835c0b
46,ZRXUSDT,17483.2627449,2026-07-12,https://public.bybit.com/spot/ZRXUSDT/ZRXUSDT_2026-07-12.csv.gz,4725,f1279441681ea786a199e5d65bf929db4b2e5112069162a5e0c76734e727fd36
46,ZRXUSDT,17483.2627449,2026-07-13,https://public.bybit.com/spot/ZRXUSDT/ZRXUSDT_2026-07-13.csv.gz,8056,7161a8a9e6c724fddc295d2e76cc84fcf0f4cd342a94a310ae779d598b1a340a
46,ZRXUSDT,17483.2627449,2026-07-14,https://public.bybit.com/spot/ZRXUSDT/ZRXUSDT_2026-07-14.csv.gz,9059,121e7ead93b253723ae7feb8d9f9114d4535797ca33b8f8b62045eb34cf4a671
47,TELUSDT,17565.945154,2026-07-12,https://public.bybit.com/spot/TELUSDT/TELUSDT_2026-07-12.csv.gz,4268,ff7c47047ab99847adc0b2711074e1c04f09476acbbb1615a706966df24f4db1
47,TELUSDT,17565.945154,2026-07-13,https://public.bybit.com/spot/TELUSDT/TELUSDT_2026-07-13.csv.gz,10834,1a7a098bf870394611a4cf4fdadbc1898ed98dfcfd2b49dc2780b9b02d206a0c
47,TELUSDT,17565.945154,2026-07-14,https://public.bybit.com/spot/TELUSDT/TELUSDT_2026-07-14.csv.gz,9196,ff74894e06650586290cf13055632618f1684dbf85621ebbc3d010a2de3c4bf6
48,DYMUSDT,18052.2158969,2026-07-12,https://public.bybit.com/spot/DYMUSDT/DYMUSDT_2026-07-12.csv.gz,6075,63dc310e9dfa70838ec64c3f41edd5ac99b4e7b8aca2cbef17bd38bd79173923
48,DYMUSDT,18052.2158969,2026-07-13,https://public.bybit.com/spot/DYMUSDT/DYMUSDT_2026-07-13.csv.gz,8844,c56a64ba01e4a4e65ec461c421addf6692cd95529fe67deedee5b4ea49900ce8
48,DYMUSDT,18052.2158969,2026-07-14,https://public.bybit.com/spot/DYMUSDT/DYMUSDT_2026-07-14.csv.gz,4824,271ceb68b22da1cccf244218cd73bc33d787c7cbd2b91c4f88c854d18266b46d
49,SSVUSDT,18097.478,2026-07-12,https://public.bybit.com/spot/SSVUSDT/SSVUSDT_2026-07-12.csv.gz,5235,e20d0759bef8f0c7743494ebf51eae5e60d395df04339ee8609662cd8abc1764
49,SSVUSDT,18097.478,2026-07-13,https://public.bybit.com/spot/SSVUSDT/SSVUSDT_2026-07-13.csv.gz,4302,7aee6562cad46c202ad186f775cfb7e0987600328508369cab26734d4ed0e21a
49,SSVUSDT,18097.478,2026-07-14,https://public.bybit.com/spot/SSVUSDT/SSVUSDT_2026-07-14.csv.gz,5048,1cb2837f4eb44a7371698b11a06c6222abf5588125aed7399905bb6325eb6a4b
50,BOMEUSDT,19589.55433506,2026-07-12,https://public.bybit.com/spot/BOMEUSDT/BOMEUSDT_2026-07-12.csv.gz,1965,8edd16fc3ed79c922e15ae6d63df25c6629213a5321c29cec1f0b8ee27b5b980
50,BOMEUSDT,19589.55433506,2026-07-13,https://public.bybit.com/spot/BOMEUSDT/BOMEUSDT_2026-07-13.csv.gz,5584,70eb29dd864b12c2e83907af8b9fbe9bd54cf9ea92eb7375241432ef816d6d3f
50,BOMEUSDT,19589.55433506,2026-07-14,https://public.bybit.com/spot/BOMEUSDT/BOMEUSDT_2026-07-14.csv.gz,5014,b1cba60d4186a058b0c891ddd822b649435012109639fbb2ace8702a366b2e5f
51,KUBUSDT,19628.742942,2026-07-12,https://public.bybit.com/spot/KUBUSDT/KUBUSDT_2026-07-12.csv.gz,1801,358a8d39cae7b945672d5571184a0f67fa1bf5dbd3c34a295e98d8d5e0f31ce6
51,KUBUSDT,19628.742942,2026-07-13,https://public.bybit.com/spot/KUBUSDT/KUBUSDT_2026-07-13.csv.gz,1773,9e3849cfce6a2faa7d93490b94c00397940ca8fb3154b1d602d98183f703ba69
51,KUBUSDT,19628.742942,2026-07-14,https://public.bybit.com/spot/KUBUSDT/KUBUSDT_2026-07-14.csv.gz,2153,c0f33df639e737936f47e14fae351fe5421ee474d4a9c67312a7ce636b66f65f
52,ELIZAOSUSDT,20533.50265853,2026-07-12,https://public.bybit.com/spot/ELIZAOSUSDT/ELIZAOSUSDT_2026-07-12.csv.gz,9895,f75037aede671374a5e5d7feffe39dbe32afd4f62b5fb319fd0c18f45be7624f
52,ELIZAOSUSDT,20533.50265853,2026-07-13,https://public.bybit.com/spot/ELIZAOSUSDT/ELIZAOSUSDT_2026-07-13.csv.gz,6117,42dbad96510c4b97b90c8e3454347dc42fc262cb151a157b5086626d0e9cda47
52,ELIZAOSUSDT,20533.50265853,2026-07-14,https://public.bybit.com/spot/ELIZAOSUSDT/ELIZAOSUSDT_2026-07-14.csv.gz,12183,c77ec3e9b5f2fdc4eb540638cf72b2908e87c073ddbaca72fc0b72fc9a5e5b84
53,MCDXUSDT,20555.09348,2026-07-12,https://public.bybit.com/spot/MCDXUSDT/MCDXUSDT_2026-07-12.csv.gz,779,3071442cf89b0770bbd0de76006bc3d71b914f3623461267c4e7d8a58a1e66c6
53,MCDXUSDT,20555.09348,2026-07-13,https://public.bybit.com/spot/MCDXUSDT/MCDXUSDT_2026-07-13.csv.gz,1043,b2f0f1a487423cc23c7dbd8e177eda8a728947b3f61a61d468cab51306f07905
53,MCDXUSDT,20555.09348,2026-07-14,https://public.bybit.com/spot/MCDXUSDT/MCDXUSDT_2026-07-14.csv.gz,1867,4cf4a6b01e4ee881f863028d318e56885ab49f0649cc4e77a8922384857ed239
54,RPLUSDT,20853.71196,2026-07-12,https://public.bybit.com/spot/RPLUSDT/RPLUSDT_2026-07-12.csv.gz,7303,99953c6253d35cfa6cda164a19e1c02ddb5806b73ed7990212bab3dc20588d8b
54,RPLUSDT,20853.71196,2026-07-13,https://public.bybit.com/spot/RPLUSDT/RPLUSDT_2026-07-13.csv.gz,5092,09aef9898df7a973fbc9264e79b526fd6648472538ba11e796b229118920d1e8
54,RPLUSDT,20853.71196,2026-07-14,https://public.bybit.com/spot/RPLUSDT/RPLUSDT_2026-07-14.csv.gz,3458,990d85e58c7b73988df1f49b7085ca17df91a31654517f04ece37fc6d2961319
55,SUNUSDT,21190.1769517,2026-07-12,https://public.bybit.com/spot/SUNUSDT/SUNUSDT_2026-07-12.csv.gz,14599,28d82adde615dcc72de8f8a3ba9c53523ba89b06bd6d0e7e03dfff08f6a6ee9e
55,SUNUSDT,21190.1769517,2026-07-13,https://public.bybit.com/spot/SUNUSDT/SUNUSDT_2026-07-13.csv.gz,11716,a3ee9a4c11ac6a19301e16d7dd30e42a08aba56723148fdb32fbb096273f594a
55,SUNUSDT,21190.1769517,2026-07-14,https://public.bybit.com/spot/SUNUSDT/SUNUSDT_2026-07-14.csv.gz,3918,6efcb3975ab33f1ca5c05bea28556a0e3b82882684399a8c456cfde5bf59afdb
56,MBXUSDT,21443.2244695,2026-07-12,https://public.bybit.com/spot/MBXUSDT/MBXUSDT_2026-07-12.csv.gz,11333,9286341b7a3f366cf11e09a96effb7b7b2e2ef198f8bd86b47f701a7a4209b8b
56,MBXUSDT,21443.2244695,2026-07-13,https://public.bybit.com/spot/MBXUSDT/MBXUSDT_2026-07-13.csv.gz,12242,8459fdfffe99cb46934283e7d9837e92e220579517312e6d9a5a7f889adedbfe
56,MBXUSDT,21443.2244695,2026-07-14,https://public.bybit.com/spot/MBXUSDT/MBXUSDT_2026-07-14.csv.gz,12043,ec1bb80676dadbe5b88fdd138ad97d22212746e7ad6496ce78a2e0de243cadfd
57,KAVAUSDT,21465.8970493,2026-07-12,https://public.bybit.com/spot/KAVAUSDT/KAVAUSDT_2026-07-12.csv.gz,5154,ed80e7113a0e2ad9fda7f334655f42d89d90a8eeb52893178bb1e1d214735aa7
57,KAVAUSDT,21465.8970493,2026-07-13,https://public.bybit.com/spot/KAVAUSDT/KAVAUSDT_2026-07-13.csv.gz,7582,cb58032cef3249fe5553ae672191e73b40f1853ffd1b68b36121d27c78d7793d
57,KAVAUSDT,21465.8970493,2026-07-14,https://public.bybit.com/spot/KAVAUSDT/KAVAUSDT_2026-07-14.csv.gz,6348,842d6869cf96a154948e677f79fc203c96744964026d31ca364064da4c541aac
58,PRIMEUSDT,21525.590914,2026-07-12,https://public.bybit.com/spot/PRIMEUSDT/PRIMEUSDT_2026-07-12.csv.gz,1017,266e27eed6b8c4f8d5a4e0a83753720a8117c639cb21b376f2843832a5b2f6fa
58,PRIMEUSDT,21525.590914,2026-07-13,https://public.bybit.com/spot/PRIMEUSDT/PRIMEUSDT_2026-07-13.csv.gz,2246,47dad2d3bf551b5ab1788321499b75909716844b267592e90d9ec279e14a5f29
58,PRIMEUSDT,21525.590914,2026-07-14,https://public.bybit.com/spot/PRIMEUSDT/PRIMEUSDT_2026-07-14.csv.gz,3073,b6b406eca0d104c2f64f66bd62627ca4e6de6ab9a3e375633556a9c2e6a6d121
59,L3USDT,21559.8190194,2026-07-12,https://public.bybit.com/spot/L3USDT/L3USDT_2026-07-12.csv.gz,1094,b6e810ed8127da468d31ff97288ee5dff7f2458305b72a8305cf362cd32c3cd7
59,L3USDT,21559.8190194,2026-07-13,https://public.bybit.com/spot/L3USDT/L3USDT_2026-07-13.csv.gz,5483,ec59df1b9cfb463d97e49a9154a009fb7175898bf9d25b7ce338c694ccdf00d4
59,L3USDT,21559.8190194,2026-07-14,https://public.bybit.com/spot/L3USDT/L3USDT_2026-07-14.csv.gz,2601,7f9a816de84e1d626b4e026745608df5d7c6ecfb01cefad896435393a47c5546
60,PYBOBOUSDT,21640.1665005,2026-07-12,https://public.bybit.com/spot/PYBOBOUSDT/PYBOBOUSDT_2026-07-12.csv.gz,28597,233103deaf8aa9b0dddf913d3c2e0607c9c29e870c69adb1ab43b99c5c23e578
60,PYBOBOUSDT,21640.1665005,2026-07-13,https://public.bybit.com/spot/PYBOBOUSDT/PYBOBOUSDT_2026-07-13.csv.gz,23436,a49f08257cd66871513ea79e71785af095e1b545611c2f457ae8b18ca6a3f773
60,PYBOBOUSDT,21640.1665005,2026-07-14,https://public.bybit.com/spot/PYBOBOUSDT/PYBOBOUSDT_2026-07-14.csv.gz,24582,b5b4039e0db96bf4695db5297362c1c89f266f23d8af96266cd2fd1592f973f4
61,KSMUSDT,22432.626012,2026-07-12,https://public.bybit.com/spot/KSMUSDT/KSMUSDT_2026-07-12.csv.gz,4610,12e548a2944cc90033a8cb11de59159faa6aecb82aea4ff510d6f49e1fc39c52
61,KSMUSDT,22432.626012,2026-07-13,https://public.bybit.com/spot/KSMUSDT/KSMUSDT_2026-07-13.csv.gz,8955,69fcbbda70d0ce0d3a2247f34ad38bd60a8806b60ece02f8bc462aa082b502b2
61,KSMUSDT,22432.626012,2026-07-14,https://public.bybit.com/spot/KSMUSDT/KSMUSDT_2026-07-14.csv.gz,9428,a8ca9febac61c5ed6684862ef3b9ae37009e864cffbeb182e3794decdba7a6ec
62,SCUSDT,22621.28844293,2026-07-12,https://public.bybit.com/spot/SCUSDT/SCUSDT_2026-07-12.csv.gz,6055,46794aae76ba68151c72d3eda4d10ca7f78151de591ba110362f122aa4564ab2
62,SCUSDT,22621.28844293,2026-07-13,https://public.bybit.com/spot/SCUSDT/SCUSDT_2026-07-13.csv.gz,2452,2722f04cbfbd76bb39843f7ed4d618ae7e890b8e2f9a0445a68ed614c1fafbf9
62,SCUSDT,22621.28844293,2026-07-14,https://public.bybit.com/spot/SCUSDT/SCUSDT_2026-07-14.csv.gz,1140,c0ac71887094efc6dbb6fd7c981421cd48c8ccb4ff8c48b35cbdc8f8a2fdb911
63,ZENTUSDT,22820.9891903,2026-07-12,https://public.bybit.com/spot/ZENTUSDT/ZENTUSDT_2026-07-12.csv.gz,26271,d8c41cf58211f09b6038871357794180b32e4bf58f85d56d6da48c9647a8963b
63,ZENTUSDT,22820.9891903,2026-07-13,https://public.bybit.com/spot/ZENTUSDT/ZENTUSDT_2026-07-13.csv.gz,15087,9c340b746a88a2f66fa0bd374ee0d92eb44e33033f0c38bf6600c447d2951a4f
63,ZENTUSDT,22820.9891903,2026-07-14,https://public.bybit.com/spot/ZENTUSDT/ZENTUSDT_2026-07-14.csv.gz,15829,572d98293c5957cac8ac4d515657b42bf65327c53a2b8ef86125079f5b3c98d0
64,SUPRAUSDT,22949.4850421,2026-07-12,https://public.bybit.com/spot/SUPRAUSDT/SUPRAUSDT_2026-07-12.csv.gz,13794,ce2ac6582069cc3431bff2b75dc2618ea0fe9451c0dbbd118d504d845f3bfb2c
64,SUPRAUSDT,22949.4850421,2026-07-13,https://public.bybit.com/spot/SUPRAUSDT/SUPRAUSDT_2026-07-13.csv.gz,17994,d953e93d58fc2dd4a4d6b453120e055f8a724a46403c6f18025b09aca7527225
64,SUPRAUSDT,22949.4850421,2026-07-14,https://public.bybit.com/spot/SUPRAUSDT/SUPRAUSDT_2026-07-14.csv.gz,20910,8c46aac08a32ab6373f8e1cadb00fef609664fef96ecf67a3a74779afab5da58
65,CITYUSDT,23036.026123,2026-07-12,https://public.bybit.com/spot/CITYUSDT/CITYUSDT_2026-07-12.csv.gz,9694,2202e849723c94087e75a1af9ab3000712edebc24cfb5d4f315facd39b112531
65,CITYUSDT,23036.026123,2026-07-13,https://public.bybit.com/spot/CITYUSDT/CITYUSDT_2026-07-13.csv.gz,13173,c1d4fea79db148c158676532f98a1bf9883e5ff67f718a11f61fc07ecf76c68c
65,CITYUSDT,23036.026123,2026-07-14,https://public.bybit.com/spot/CITYUSDT/CITYUSDT_2026-07-14.csv.gz,19788,2e9ead8af26f06788f4a159b43efe653adbc18795ab133138a4417af7a1ca9ed
66,GUSDT,23183.915646,2026-07-12,https://public.bybit.com/spot/GUSDT/GUSDT_2026-07-12.csv.gz,2943,9fcb5a41351f48e633ba7e3c77952e6f567698aced39aa05fcea1e75357c1cfe
66,GUSDT,23183.915646,2026-07-13,https://public.bybit.com/spot/GUSDT/GUSDT_2026-07-13.csv.gz,4219,7c949e87e44476d48f350496f85fbb36a7f6b8d4c0141aa81a46973b6cb0dd5e
66,GUSDT,23183.915646,2026-07-14,https://public.bybit.com/spot/GUSDT/GUSDT_2026-07-14.csv.gz,4374,7678aa814cac47a2c604aee53c832d92913b314b8020bcb8edbd67c1984641df
67,METAXUSDT,23212.58914,2026-07-12,https://public.bybit.com/spot/METAXUSDT/METAXUSDT_2026-07-12.csv.gz,1116,2bc165e41d88e53aedbf189bcb294c6c3506cc8e315889eb5ef6807ac7d7fe1c
67,METAXUSDT,23212.58914,2026-07-13,https://public.bybit.com/spot/METAXUSDT/METAXUSDT_2026-07-13.csv.gz,15513,b8644d42812f9a63e36d8e7bc5faf8d3f607ca7abd16e93138606e5949989f55
67,METAXUSDT,23212.58914,2026-07-14,https://public.bybit.com/spot/METAXUSDT/METAXUSDT_2026-07-14.csv.gz,6725,19f1c06057a0b28b6324d59d5a0cbc5edef435ffcc80061fbea05f085906d492
68,HAEDALUSDT,23699.23903,2026-07-12,https://public.bybit.com/spot/HAEDALUSDT/HAEDALUSDT_2026-07-12.csv.gz,7774,5b276156231f3c9897eea7de3f5d9fef3ee1c57ef1c95cd8b243d865c45470d1
68,HAEDALUSDT,23699.23903,2026-07-13,https://public.bybit.com/spot/HAEDALUSDT/HAEDALUSDT_2026-07-13.csv.gz,9363,10cad2963882e535f8514342a2c0222e2c8c4f4bb65b87942e0a9b3ccfeaa96b
68,HAEDALUSDT,23699.23903,2026-07-14,https://public.bybit.com/spot/HAEDALUSDT/HAEDALUSDT_2026-07-14.csv.gz,6236,786bcd5c987dbbb7e0a226b9d442a9514000a7b1735ecb8d8032baddd578199b
69,PORTALUSDT,23866.36141948,2026-07-12,https://public.bybit.com/spot/PORTALUSDT/PORTALUSDT_2026-07-12.csv.gz,27764,10532b732f68035f52d18b0cb1c892f8405972b2e667945cf7f2f1d573fea14e
69,PORTALUSDT,23866.36141948,2026-07-13,https://public.bybit.com/spot/PORTALUSDT/PORTALUSDT_2026-07-13.csv.gz,13697,4928ce923c7e4fac422cbdfaf752ec7031398773f8af82454c559ae60a109f2c
69,PORTALUSDT,23866.36141948,2026-07-14,https://public.bybit.com/spot/PORTALUSDT/PORTALUSDT_2026-07-14.csv.gz,10433,cd8f86ce4b9de71b6c0ba94557439feb5b94456df22a87c2900a4b637b46bd25
70,PONKEUSDT,24037.2312826,2026-07-12,https://public.bybit.com/spot/PONKEUSDT/PONKEUSDT_2026-07-12.csv.gz,7587,e0e25e335be8b49668cac06196c3c845afd7eb09a916a5ab793fe5b264c8cfbb
70,PONKEUSDT,24037.2312826,2026-07-13,https://public.bybit.com/spot/PONKEUSDT/PONKEUSDT_2026-07-13.csv.gz,18091,6bb2ced71f1c3e4c961cf172c87755649a57d4f2c859809ccb0c95d2b14571d5
70,PONKEUSDT,24037.2312826,2026-07-14,https://public.bybit.com/spot/PONKEUSDT/PONKEUSDT_2026-07-14.csv.gz,19240,d027fec72aeddadbf4b15996b7964b6ddba471942519f30d09efa2a1b642a41e
71,MBOXUSDT,24253.51299497,2026-07-12,https://public.bybit.com/spot/MBOXUSDT/MBOXUSDT_2026-07-12.csv.gz,12310,954c8ba9ac2efe70a23be52474a05d09be6dac8bba1412239e961fc945467635
71,MBOXUSDT,24253.51299497,2026-07-13,https://public.bybit.com/spot/MBOXUSDT/MBOXUSDT_2026-07-13.csv.gz,28261,9ac4052ede3ace7f3c98af6d4e69e98d6b9023d1d09f285e93ed0a92459e8008
71,MBOXUSDT,24253.51299497,2026-07-14,https://public.bybit.com/spot/MBOXUSDT/MBOXUSDT_2026-07-14.csv.gz,39270,902b5d04e5bbcce35337822bdb0a5294e1c8cef57c671775411cab18c4a986c1
72,GRTUSDT,24259.5217527,2026-07-12,https://public.bybit.com/spot/GRTUSDT/GRTUSDT_2026-07-12.csv.gz,13010,c6c5601c4c67b8b638d95cb330d9c1c7f57db99f94978947d57d5d5cfe1e505a
72,GRTUSDT,24259.5217527,2026-07-13,https://public.bybit.com/spot/GRTUSDT/GRTUSDT_2026-07-13.csv.gz,13415,d13e5dc9edf466fc4c2be6400696dfca21e46387eb55dff96fff30ea5aea2e07
72,GRTUSDT,24259.5217527,2026-07-14,https://public.bybit.com/spot/GRTUSDT/GRTUSDT_2026-07-14.csv.gz,6517,7704d4d7b04ac874ac40acd2adee94b4c6315ae5662ce6d80ee991d185990767
73,LUNAUSDT,25313.022203,2026-07-12,https://public.bybit.com/spot/LUNAUSDT/LUNAUSDT_2026-07-12.csv.gz,5730,286f9b6591a5a373dcdc014c53320dd6554819b06522b58d25058d85993391ea
73,LUNAUSDT,25313.022203,2026-07-13,https://public.bybit.com/spot/LUNAUSDT/LUNAUSDT_2026-07-13.csv.gz,5361,01ae15a69c2e4bc546597ed1ddca001f77f794e233d126df09ad2ef6cf55f184
73,LUNAUSDT,25313.022203,2026-07-14,https://public.bybit.com/spot/LUNAUSDT/LUNAUSDT_2026-07-14.csv.gz,3444,b9b281af579ce39a1849bfd167a921e8847cfededd930c82421007ec68e6a54d
74,PSGUSDT,25623.655415,2026-07-12,https://public.bybit.com/spot/PSGUSDT/PSGUSDT_2026-07-12.csv.gz,11227,d9df5dbea0891ba8821a0543bbf3eed9a8112ae888af9e2090f1e0498fc2c44d
74,PSGUSDT,25623.655415,2026-07-13,https://public.bybit.com/spot/PSGUSDT/PSGUSDT_2026-07-13.csv.gz,13793,8257be4e5389a0234e27d67cee5b641f8b71d3cfdcf508d7523708bff838e2ba
74,PSGUSDT,25623.655415,2026-07-14,https://public.bybit.com/spot/PSGUSDT/PSGUSDT_2026-07-14.csv.gz,19264,9449a1d869c6ff13bf0ff14af38b1b2c077ac0ae520127b96889f58b22bfecba
75,SONICUSDT,25792.559546,2026-07-12,https://public.bybit.com/spot/SONICUSDT/SONICUSDT_2026-07-12.csv.gz,18578,1edbfe62d5a6cd08f35190b78c8081e46a65663118030193bf3489c114f7f380
75,SONICUSDT,25792.559546,2026-07-13,https://public.bybit.com/spot/SONICUSDT/SONICUSDT_2026-07-13.csv.gz,81627,e7fcf7d525211e1c923933e6c01155ca3066b23ce3b733f1169fb95d294e8da4
75,SONICUSDT,25792.559546,2026-07-14,https://public.bybit.com/spot/SONICUSDT/SONICUSDT_2026-07-14.csv.gz,21118,b196c2cc410a81f80d5d999292592337a3d3f513c624532f6e09bd097a262b63
76,OBTUSDT,26010.77143964,2026-07-12,https://public.bybit.com/spot/OBTUSDT/OBTUSDT_2026-07-12.csv.gz,21174,9c9454f377d59342f7d6aee76df0946d96f8d17308dcb58455dd3971c7a8fb58
76,OBTUSDT,26010.77143964,2026-07-13,https://public.bybit.com/spot/OBTUSDT/OBTUSDT_2026-07-13.csv.gz,28132,cd820e75273ad20d7c5d56705bbc1979fb18229807af9769ffffa86e61db137b
76,OBTUSDT,26010.77143964,2026-07-14,https://public.bybit.com/spot/OBTUSDT/OBTUSDT_2026-07-14.csv.gz,20568,2eee02a2494aa468d6d3495d249e46633b7b1f2679f69aa2d28d1ca0a239d51c
77,PUFFERUSDT,26026.401712,2026-07-12,https://public.bybit.com/spot/PUFFERUSDT/PUFFERUSDT_2026-07-12.csv.gz,9102,b63439f2885ed0be5950c96a01076e406f08723549f6fc3d3ce0a2e9ed0ce8de
77,PUFFERUSDT,26026.401712,2026-07-13,https://public.bybit.com/spot/PUFFERUSDT/PUFFERUSDT_2026-07-13.csv.gz,8120,30835389d472c821b4c15b4728ee31732d8ff6b20fe8edde872b50111855fca3
77,PUFFERUSDT,26026.401712,2026-07-14,https://public.bybit.com/spot/PUFFERUSDT/PUFFERUSDT_2026-07-14.csv.gz,6245,0c35b0fc1979adf43a3c6d77f85a58d23d223d70f777317a9a77ae713084c0d9
78,LRCUSDT,26560.2942691,2026-07-12,https://public.bybit.com/spot/LRCUSDT/LRCUSDT_2026-07-12.csv.gz,5576,2a06013f5f3227687c6f23ce9de340f5ab50feafa1b5bd7688af1ec4e735b03b
78,LRCUSDT,26560.2942691,2026-07-13,https://public.bybit.com/spot/LRCUSDT/LRCUSDT_2026-07-13.csv.gz,37917,85fc35c98753f895df141f248a4a76feafa6af795938718be4456dff9cd5b764
78,LRCUSDT,26560.2942691,2026-07-14,https://public.bybit.com/spot/LRCUSDT/LRCUSDT_2026-07-14.csv.gz,15834,36a6daf1140dc51838c9939901d33d576443588869dea37b26020118bc585f1e
79,VETUSDT,26580.812731,2026-07-12,https://public.bybit.com/spot/VETUSDT/VETUSDT_2026-07-12.csv.gz,6579,c475c3224ddce3c3bab4229381287e1eb05e66a3c176b0a46a2b96900a6922c8
79,VETUSDT,26580.812731,2026-07-13,https://public.bybit.com/spot/VETUSDT/VETUSDT_2026-07-13.csv.gz,4942,784795dc13fac65c97c8c16418bd6147ebbb046e0a071eaa529ca168ffa4d090
79,VETUSDT,26580.812731,2026-07-14,https://public.bybit.com/spot/VETUSDT/VETUSDT_2026-07-14.csv.gz,4045,4ca0292ea568913bd0ebdc8b70a9129dfc2b00b14df3f4a393a7ecebf8a48eaa
80,FLOWUSDT,26653.4511294,2026-07-12,https://public.bybit.com/spot/FLOWUSDT/FLOWUSDT_2026-07-12.csv.gz,2631,e8f55b2ba2137d5be59016988289aa22547f7885f7d7d3fa58eaebde4feef2d9
80,FLOWUSDT,26653.4511294,2026-07-13,https://public.bybit.com/spot/FLOWUSDT/FLOWUSDT_2026-07-13.csv.gz,4708,0d67ca19f3a5df7719a3f6ba05d098843ac3fb88e3e686caddaf0a05457977e9
80,FLOWUSDT,26653.4511294,2026-07-14,https://public.bybit.com/spot/FLOWUSDT/FLOWUSDT_2026-07-14.csv.gz,3856,367a2698ed2a0a09758527f41fe3a7c240babc3d28e2f329c405a95cf9579c66
