score_rank,selection_rank,symbol,ticker_turnover_24h,trades,download_bytes,notional_3d,price_min,price_max,price_ratio,top1_size_share,top5_size_share,balanced_recurring_top5_share,max_second,max_second_share,second_rank2,top_two_second_share,top_gap_ms,top_gap_share,benford_l1,anomaly_score,followup_candidate,followup_reason
1,62,SCUSDT,22621.28844293,1203,9647,19167.65,0.0006002,0.0006425,1.0705,0.4089775561097257,0.7456359102244389,0.49044,2,0.12219451371571072,10,0.15793848711554448,80,0.27572,0.65832,8.98275,no,
2,67,METAXUSDT,23212.58914,4269,23354,72468.26,647.71,676.45,1.0444,0.1960646521433591,0.7345982665729679,0.73459,0,0.05036308268915437,2,0.09838369641602249,0,0.59627,1.16744,8.39773,no,
3,7,USDSUSDT,8231.354829,106,1378,32866.54,1.0005,1.0008,1.0003,0.03773584905660377,0.1320754716981132,0,2,0.6037735849056604,37,0.6792452830188679,60000,0.08929,0.39052,7.7614,no,
4,9,TAIUSDT,8467.0581504,1704,15828,36749.58,0.00912,0.00997,1.0932,0.1960093896713615,0.24471830985915494,0.22184,2,0.2857981220657277,32,0.3286384976525822,0,0.16936,0.62471,6.67797,no,
5,30,DOGSUSDT,13504.16686124,2483,22954,50727.05,3.634e-05,3.946e-05,1.0859,0.22956101490132905,0.5086588803866291,0.43174,13,0.03624647603705195,7,0.06766008860249698,0,0.15808,0.38879,5.80944,no,
6,51,KUBUSDT,19628.742942,503,5727,46388.28,0.6995,0.7298,1.0433,0.041749502982107355,0.1709741550695825,0,2,0.3260437375745527,3,0.6083499005964215,480320,0.00714,0.56572,5.77642,no,
7,58,PRIMEUSDT,21525.590914,668,6336,11011.51,0.216,0.2324,1.0759,0.059880239520958084,0.17664670658682635,0,2,0.36826347305389223,25,0.42664670658682635,0,0.11348,0.84327,5.62059,no,
8,44,LAUSDT,16956.240071,1720,15492,59647.03,0.05452,0.06163,1.1304,0.16744186046511628,0.3691860465116279,0.33721,2,0.06802325581395349,28,0.12616279069767442,0,0.19239,0.4725,5.05879,no,
9,42,NAVXUSDT,16073.9673327,1948,16567,26546.03,0.00695,0.00725,1.0432,0.1324435318275154,0.3290554414784394,0.0693,2,0.20174537987679672,19,0.22741273100616016,0,0.08772,0.96365,4.94642,no,
10,63,ZENTUSDT,22820.9891903,5895,57187,72452.38,0.001912,0.001975,1.0329,0.1636980491942324,0.22968617472434266,0.1637,2,0.15657336726039017,45,0.26208651399491095,85720,0.24546,0.41444,4.85229,no,
11,22,NAKAUSDT,11820.3635273,3975,35305,61454.98,0.02884,0.03712,1.2871,0.15371069182389938,0.31647798742138367,0.31647,2,0.05106918238993711,52,0.0840251572327044,0,0.2,0.36047,4.42357,no,
12,53,MCDXUSDT,20555.09348,369,3689,16368.85,273.79,282.05,1.0302,0.1111111111111111,0.27371273712737126,0.04065,2,0.18157181571815717,15,0.2926829268292683,0,0.08661,0.49397,4.38984,no,
13,10,INITUSDT,8497.397508,2162,16623,68985.63,0.05281,0.0569,1.0774,0.1091581868640148,0.32377428307123035,0.21323,2,0.09620721554116558,35,0.1711378353376503,0,0.18311,0.61632,4.38438,no,
14,59,L3USDT,21559.8190194,898,9178,52183.17,0.005188,0.005546,1.069,0.045657015590200446,0.11247216035634744,0,2,0.2717149220489978,38,0.321826280623608,0,0.21333,0.32415,3.98574,no,
15,15,C98USDT,9569.330611,2181,18544,95472.47,0.01315,0.01419,1.0791,0.1192113709307657,0.30398899587345257,0.29069,2,0.04264099037138927,57,0.07519486474094451,0,0.12113,0.49345,3.95304,no,
16,57,KAVAUSDT,21465.8970493,2264,19084,58715.73,0.04369,0.0452,1.0346,0.1068904593639576,0.2954946996466431,0.26237,44,0.062279151943462896,1,0.10777385159010601,0,0.23239,0.30851,3.87251,no,
17,21,AVAUSDT,10772.719858,965,8871,54713.51,0.156,0.1689,1.0827,0.16683937823834197,0.2549222797927461,0.23834,0,0.043523316062176166,36,0.07979274611398963,10,0.18696,0.41955,3.81868,no,
18,61,KSMUSDT,22432.626012,2748,22993,60219.62,3.2,3.401,1.0628,0.17831149927219797,0.314410480349345,0.17831,1,0.04039301310043668,2,0.08042212518195051,0,0.21958,0.54255,3.8013,no,
19,78,LRCUSDT,26560.2942691,6476,59327,201830.57,0.01036,0.01165,1.1245,0.169857936998147,0.24953675108091414,0.24397,7,0.033971587399629403,0,0.06639901173563928,0,0.17672,0.48239,3.7737,no,
20,70,PONKEUSDT,24037.2312826,5077,44918,94226.06,0.01987,0.024,1.2079,0.16052787078983652,0.2359661217254284,0.22375,16,0.041166042938743354,33,0.08193815245223557,0,0.26345,0.45648,3.70327,no,
21,76,OBTUSDT,26010.77143964,6452,69874,94551.57,0.0003252,0.000366,1.1255,0.15623062616243025,0.19993800371977682,0.19157,2,0.06742095474271544,38,0.09097954122752634,0,0.0299,0.63787,3.69168,no,
22,49,SSVUSDT,18097.478,1655,14585,52512.25,1.969,2.142,1.0879,0.06767371601208459,0.16978851963746225,0.16797,0,0.12326283987915408,2,0.18429003021148035,0,0.19666,0.42131,3.59521,no,
23,27,CGPTUSDT,12692.4874699,1900,18559,66164.12,0.01819,0.01934,1.0632,0.17210526315789473,0.21052631578947367,0.17211,2,0.06631578947368422,0,0.11052631578947368,0,0.22907,0.28259,3.59344,no,
24,68,HAEDALUSDT,23699.23903,2868,23373,80614.29,0.01553,0.01685,1.085,0.13842398884239887,0.30160390516039054,0.15864,0,0.03905160390516039,2,0.07252440725244072,0,0.09046,0.53833,3.38951,no,
25,64,SUPRAUSDT,22949.4850421,5309,52698,65778.38,0.0002014,0.0002211,1.0978,0.020719532868713506,0.06121680165756263,0.00339,0,0.1844038425315502,59,0.3558108871727256,300,0.19626,0.51232,3.32775,yes,"Manual exploratory follow-up: seconds 00/59 held 35.6% of trades, the leading positive gap was 300 ms, sample size was 5,309, and no exact clip dominated."
26,13,PAALUSDT,9428.726785,1335,12307,42783.41,0.006365,0.007279,1.1436,0.06367041198501873,0.18352059925093633,0.15805,2,0.1101123595505618,26,0.15355805243445692,0,0.23802,0.32066,3.31605,no,
27,29,METHUSDT,12904.7714751,9184,72987,122561.58,1905.19,2072.36,1.0877,0.05019599303135888,0.2339939024390244,0.234,2,0.03212108013937282,46,0.05901567944250871,10,0.26439,1.27569,3.30115,no,
28,79,VETUSDT,26580.812731,1813,15566,56315.32,0.004709,0.005006,1.0631,0.08328736900165472,0.15002757859900717,0.09708,2,0.13568670711527855,1,0.1836734693877551,0,0.14388,0.26306,3.27227,no,
29,31,ZKJUSDT,13618.04001049,3005,29861,54230.16,0.006645,0.007194,1.0826,0.008985024958402662,0.028618968386023295,0.01398,2,0.22296173044925124,3,0.259234608985025,0,0.16564,0.80264,3.23619,no,
30,19,AMZNXUSDT,10339.43742,987,9152,43659.48,243.6,249.79,1.0254,0.07193515704154002,0.1894630192502533,0.14894,2,0.0911854103343465,0,0.1398176291793313,0,0.20223,0.51283,3.20715,no,
31,34,AIOZUSDT,13924.0768875,3741,34374,60280.42,0.04928,0.05177,1.0505,0.09035017375033413,0.1999465383587276,0.12697,2,0.08045977011494253,18,0.12376369954557605,0,0.30458,0.56065,3.13222,no,
32,45,JUVUSDT,16963.974116,3805,32904,75848.82,0.3116,0.367,1.1778,0.012614980289093298,0.046517739816031536,0.03916,2,0.1873850197109067,11,0.21208935611038107,100,0.07052,0.94171,3.10122,no,
33,3,FIDAUSDT,5864.6345341,926,8893,28674.19,0.02086,0.0219,1.0499,0.0734341252699784,0.16198704103671707,0.09827,2,0.11879049676025918,21,0.16630669546436286,0,0.24672,0.31428,3.08845,no,
34,1,KCSUSDT,5014.97044,57,854,6836.36,6.768,7.069,1.0445,0.05263157894736842,0.15789473684210525,0,49,0.14035087719298245,19,0.24561403508771928,0,0.55172,0.5271,3.03277,no,
35,71,MBOXUSDT,24253.51299497,8218,79841,159794.62,0.000754,0.001088,1.443,0.1260647359454855,0.17047943538573862,0.16208,0,0.0333414456072037,57,0.06643952299829642,0,0.19337,0.32761,2.88885,no,
36,55,SUNUSDT,21190.1769517,3467,30233,200048.83,0.01805,0.01861,1.031,0.09720219209691376,0.17190654744736084,0.11422,2,0.07931929622151716,10,0.11537352177675224,0,0.07734,0.32151,2.85785,no,
37,77,PUFFERUSDT,26026.401712,2740,23467,130626.03,0.01308,0.01473,1.1261,0.05145985401459854,0.17846715328467153,0.16386,2,0.06861313868613139,0,0.10364963503649635,0,0.33116,0.3117,2.75623,no,
38,37,MEWUSDT,14358.35995303,1281,11879,63254.04,0.0003532,0.000374,1.0589,0.0702576112412178,0.20452771272443404,0.15613,47,0.04839968774395004,0,0.09055425448868072,0,0.22781,0.19829,2.63557,no,
39,25,STREAMUSDT,12320.7973721,6342,60297,118236.71,0.008577,0.011797,1.3754,0.02034058656575213,0.04809208451592557,0.041,2,0.14963733837906024,9,0.17928098391674552,120240,0.06808,0.47016,2.59612,no,
40,50,BOMEUSDT,19589.55433506,1217,12563,57627.51,0.0003988,0.0004208,1.0552,0.06327033689400165,0.20870994248151192,0.17667,1,0.04683648315529992,2,0.0780608052588332,0,0.18195,0.08333,2.58927,no,
41,2,OLUSDT,5709.397188,395,3700,25765.85,0.005001,0.005629,1.1256,0.09113924050632911,0.27341772151898736,0,24,0.05822784810126582,56,0.10379746835443038,0,0.21835,0.66516,2.56432,no,
42,75,SONICUSDT,25792.559546,14020,121323,300196.91,0.02247,0.02471,1.0997,0.08017118402282454,0.26312410841654776,0.10756,0,0.027960057061340943,39,0.0543509272467903,0,0.06987,0.55555,2.53233,no,
43,54,RPLUSDT,20853.71196,1556,15853,119001.88,1.72,1.889,1.0983,0.02699228791773779,0.09961439588688946,0.01542,2,0.13753213367609254,17,0.17544987146529564,0,0.10213,0.31854,2.39446,no,
44,39,ROSEUSDT,14737.70926189,1428,13331,51563.99,0.005426,0.005864,1.0807,0.07352941176470588,0.16246498599439776,0.04202,0,0.07633053221288516,2,0.13445378151260504,0,0.15049,0.24053,2.35797,no,
45,24,SCAUSDT,12023.1165728,1637,16105,33031.71,0.00814,0.01015,1.2469,0.07147220525351253,0.1325595601710446,0.11851,48,0.046426389737324374,44,0.08307880268784362,0,0.21883,0.36923,2.34328,no,
46,48,DYMUSDT,18052.2158969,2332,19743,79952.35,0.01495,0.01592,1.0649,0.04373927958833619,0.1513722126929674,0.12221,0,0.05317324185248713,50,0.09476843910806175,0,0.23256,0.46171,2.33138,no,
47,74,PSGUSDT,25623.655415,5586,44284,86841.39,0.5182,0.5489,1.0592,0.025420694593626926,0.10347296813462227,0.10347,2,0.0707124955245256,40,0.11027568922305764,0,0.3327,0.68831,2.28027,no,
48,33,ACHUSDT,13885.5313909,2844,25305,103269.39,0.004263,0.0046,1.0791,0.12623066104078762,0.1617440225035162,0.01301,2,0.048171589310829814,5,0.09177215189873418,0,0.2488,0.41496,2.2458,no,
49,14,BOBAUSDT,9528.7719377,872,8677,24493.02,0.01977,0.02082,1.0531,0.040137614678899085,0.0963302752293578,0,2,0.11811926605504587,13,0.1720183486238532,0,0.22673,0.21251,2.16868,no,
50,43,SAROSUSDT,16099.58003052,3426,34523,45503.63,0.0003849,0.0004488,1.166,0.07764156450671336,0.20519556333917105,0,2,0.06509048453006422,28,0.09223584354932866,0,0.15457,0.40065,2.16167,no,
51,35,AFCUSDT,14257.48158,6137,52997,97724.28,0.1544,0.1646,1.0661,0.042203030796806255,0.08603552224213785,0.05411,2,0.07234805279452501,52,0.1002118298843083,0,0.11761,0.66368,2.04303,no,
52,20,NFTUSDT,10476.7814067161,522,5106,11190.71,2.648e-07,2.743e-07,1.0359,0.022988505747126436,0.1111111111111111,0,2,0.08045977011494253,11,0.15517241379310345,0,0.21951,0.67763,2.00595,no,
53,41,VERONAUSDT,15602.728132,3064,26305,77930.14,0.11964,0.128,1.0699,0.028067885117493474,0.06364229765013055,0.03329,2,0.09954308093994778,1,0.1468668407310705,0,0.16135,0.32317,1.99494,no,
54,12,GTAIUSDT,8907.3112985,4222,44708,35853.76,0.00745,0.01,1.3423,0.0028422548555187117,0.01231643770724775,0,2,0.09995262908574136,58,0.19019422074846046,0,0.01392,0.69316,1.97513,no,
55,40,MXUSDT,15022.99154,3768,35837,65984.95,1.61,1.665,1.0342,0.005573248407643312,0.02521231422505308,0.0239,2,0.08359872611464968,1,0.13136942675159236,74000,0.02584,1.21721,1.95925,no,
56,69,PORTALUSDT,23866.36141948,5656,51894,150437.58,0.010726,0.012222,1.1395,0.060466760961810466,0.15099009900990099,0.07125,0,0.03147100424328147,2,0.06294200848656294,0,0.25127,0.32823,1.8547,no,
57,26,ICXUSDT,12579.0714992,2003,18690,28455.17,0.02342,0.02485,1.0611,0.034947578632051925,0.08287568647029456,0.05741,0,0.04593110334498253,7,0.08187718422366451,0,0.16325,0.79864,1.81408,no,
58,47,TELUSDT,17565.945154,2461,24298,123609.46,0.002036,0.002262,1.111,0.06785859406745226,0.0979276716781796,0,2,0.07354733848029256,10,0.11296221048354327,0,0.19807,0.19721,1.80322,no,
59,72,GRTUSDT,24259.5217527,3380,32942,158959.5,0.01696,0.01782,1.0507,0.05917159763313609,0.1346153846153846,0.09912,3,0.0242603550295858,13,0.048224852071005915,0,0.12035,0.25979,1.76399,no,
60,11,GMTUSDT,8718.82616671,2849,28441,50027.92,0.007351,0.007854,1.0684,0.03264303264303264,0.09020709020709021,0,2,0.07581607581607581,41,0.10635310635310635,0,0.2463,0.5953,1.74305,no,
61,73,LUNAUSDT,25313.022203,1846,14535,72182.36,0.04593,0.04911,1.0692,0.04658721560130011,0.10238353196099675,0,35,0.05850487540628386,12,0.10400866738894908,0,0.15491,0.45638,1.6635,no,
62,23,ERAUSDT,12004.18349,8607,75033,193886.87,0.07672,0.08512,1.1095,0.03578482630417102,0.09236667828511677,0.06123,0,0.03834088532589752,27,0.06750319507377715,0,0.19365,0.50308,1.6244,no,
63,66,GUSDT,23183.915646,1401,11536,39495.86,0.003308,0.003782,1.1433,0.01998572448251249,0.07494646680942184,0.01071,2,0.04782298358315489,39,0.08993576017130621,0,0.35887,0.8855,1.58332,no,
64,4,ETHWUSDT,6877.980441,395,4159,9304.37,0.2351,0.253,1.0761,0.020253164556962026,0.07848101265822785,0,39,0.07088607594936709,49,0.14177215189873418,0,0.13483,0.22324,1.55724,no,
65,17,ACSUSDT,9943.40593128,525,5719,12446.8,0.0001237,0.0001348,1.0897,0.015238095238095238,0.04380952380952381,0,7,0.06476190476190476,2,0.1180952380952381,60580,0.15488,0.74115,1.54905,no,
66,80,FLOWUSDT,26653.4511294,1061,11195,57010.75,0.02589,0.02733,1.0556,0.02827521206409048,0.07351555136663525,0.04996,24,0.04241281809613572,0,0.08388312912346843,0,0.20588,0.47805,1.52998,no,
67,65,CITYUSDT,23036.026123,5367,42655,86637.42,0.3761,0.417,1.1087,0.012297372833985467,0.054406558598844794,0.04657,8,0.038382709148500095,56,0.07639277063536426,0,0.32492,0.88853,1.5246,no,
68,16,XTERUSDT,9700.523525,5943,54176,136075.53,0.00913,0.01213,1.3286,0.03247518088507488,0.11559818273599193,0.02978,4,0.03819619720679791,2,0.06545515732794885,0,0.20917,0.31517,1.48686,no,
69,32,USTCUSDT,13717.2576382,716,7222,44892.18,0.005338,0.005705,1.0688,0.0223463687150838,0.0935754189944134,0.02235,0,0.046089385474860335,42,0.09217877094972067,0,0.29288,0.37197,1.42681,no,
70,46,ZRXUSDT,17483.2627449,2315,21840,51150.82,0.08415,0.08914,1.0593,0.01079913606911447,0.03282937365010799,0,0,0.06652267818574514,1,0.11706263498920086,0,0.30551,0.61442,1.42417,no,
71,6,CATUSDT,7421.472566265,767,8979,17883.59,1.255e-06,1.324e-06,1.055,0.003911342894393742,0.014341590612777053,0,6,0.06388526727509779,16,0.11603650586701435,0,0.10591,0.73422,1.36328,no,
72,18,DOLOUSDT,10067.548682,1484,12788,51523.19,0.02139,0.02262,1.0575,0.014150943396226415,0.06199460916442048,0.02358,0,0.04919137466307277,2,0.0963611859838275,0,0.32262,0.38668,1.33108,no,
73,28,WAXPUSDT,12737.398629,650,7427,40372.89,0.003839,0.004207,1.0959,0.018461538461538463,0.03230769230769231,0,2,0.06615384615384616,0,0.11538461538461539,20,0.05611,0.2872,1.30787,no,
74,8,SOLVUSDT,8264.3087546,1240,12340,22898.77,0.002575,0.002751,1.0683,0.01532258064516129,0.049193548387096775,0,1,0.04596774193548387,52,0.07822580645161291,0,0.2352,0.81568,1.3048,no,
75,38,PIRATEUSDT,14653.8916908,4283,41028,100279.88,0.001241,0.001799,1.4496,0.035722624328741535,0.0943264067242587,0,17,0.037823955171608685,2,0.06607518094793369,0,0.18479,0.22438,1.28844,no,
76,52,ELIZAOSUSDT,20533.50265853,2605,28195,46500.16,0.0004,0.0004887,1.2217,0.02072936660268714,0.049136276391554705,0.01651,2,0.030710172744721688,55,0.061036468330134354,0,0.13047,0.65951,1.21711,no,
77,36,PRCLUSDT,14278.8288316,2252,24919,27792.59,0.006056,0.006817,1.1257,0.004440497335701598,0.017761989342806393,0,2,0.038632326820603906,7,0.07682060390763766,0,0.10508,0.85886,1.12897,no,
78,56,MBXUSDT,21443.2244695,3124,35618,49238.5,0.02471,0.0253,1.0239,0.0009603072983354673,0.004801536491677336,0,2,0.02560819462227913,7,0.04897567221510883,74700,0.00263,1.43079,1.11869,no,
79,5,XAVAUSDT,7170.711254,3934,39336,147994.49,0.2648,0.286,1.0801,0.009405185561769192,0.029994916115912557,0.00559,10,0.036349771225216064,2,0.07244534824605998,0,0.06596,0.61121,1.0509,no,
80,60,PYBOBOUSDT,21640.1665005,7186,76615,63886.79,0.0006571,0.0006785,1.0326,0.002226551628165878,0.01001948232674645,0,40,0.023657111049262453,4,0.046896743668243805,0,0.05143,1.20314,1.00904,no,
